-- phpMyAdmin SQL Dump
-- version 5.0.4
-- https://www.phpmyadmin.net/
--
-- Host: 127.0.0.1
-- Generation Time: Feb 04, 2022 at 05:45 AM
-- Server version: 10.4.17-MariaDB
-- PHP Version: 8.0.1

SET SQL_MODE = "NO_AUTO_VALUE_ON_ZERO";
START TRANSACTION;
SET time_zone = "+00:00";


/*!40101 SET @OLD_CHARACTER_SET_CLIENT=@@CHARACTER_SET_CLIENT */;
/*!40101 SET @OLD_CHARACTER_SET_RESULTS=@@CHARACTER_SET_RESULTS */;
/*!40101 SET @OLD_COLLATION_CONNECTION=@@COLLATION_CONNECTION */;
/*!40101 SET NAMES utf8mb4 */;

--
-- Database: `attendanceum`
--

-- --------------------------------------------------------

--
-- Table structure for table `access`
--

CREATE TABLE `access` (
  `acc_id` int(11) NOT NULL,
  `acc_uname` varchar(50) COLLATE utf8_unicode_ci NOT NULL,
  `acc_email` varchar(50) COLLATE utf8_unicode_ci NOT NULL,
  `acc_pass` varchar(300) COLLATE utf8_unicode_ci NOT NULL,
  `acc_role` varchar(10) COLLATE utf8_unicode_ci NOT NULL,
  `acc_fullname` varchar(100) COLLATE utf8_unicode_ci NOT NULL
) ENGINE=InnoDB DEFAULT CHARSET=utf8 COLLATE=utf8_unicode_ci ROW_FORMAT=COMPACT;

--
-- Dumping data for table `access`
--

INSERT INTO `access` (`acc_id`, `acc_uname`, `acc_email`, `acc_pass`, `acc_role`, `acc_fullname`) VALUES
(1, 'ms1718000', 'rohayu@um.edu.my', '0192023a7bbd73250516f069df18b500', '3', 'ROHAYU BINTI MOHD NOR'),
(2, 'ms1718001', 'jalal@um.edu.my', '0192023a7bbd73250516f069df18b500', '3', 'Dr.MOHD JALALUDDIN AHMAD'),
(3, '17122291', 'hazrina@um.edu.my', '0192023a7bbd73250516f069df18b500', '2', 'Dr.HAZRINA BINTI SOFIAN'),
(4, '17122292', 'tkchiew@um.edu.my', '0192023a7bbd73250516f069df18b500', '2', 'Dr.CHIEW THIAM KIAN'),
(5, '17122293', 'hema@um.edu.my', '0192023a7bbd73250516f069df18b500', '2', 'Dr.HEMA A/P SUBRAMANIAM'),
(6, '17122294', 'aznulqalid@um.edu.my', '0192023a7bbd73250516f069df18b500', '2', 'Dr.AZNUL QALID BIN MD SABRI'),
(7, '17122295', 'erma@um.edu.my', '0192023a7bbd73250516f069df18b500', '2', 'Dr.ERMA RAHAYU BINTI MOHD FAIZAL ABDULLAH'),
(8, '17122296', 'norjihan@um.edu.my', '0192023a7bbd73250516f069df18b500', '2', 'Dr.NORJIHAN BINTI ABDUL GHANI'),
(9, '17122297', 'badrul@um.edu.my', '0192023a7bbd73250516f069df18b500', '2', 'Dr.NOR BADRUL ANUAR BIN JUMA\'AT'),
(10, '17122298', 'ainuddin@um.edu.my', '0192023a7bbd73250516f069df18b500', '2', 'Dr.AINUDDIN WAHID BIN ABDUL WAHAB'),
(11, 'wif180001', 'wif180001@siswa.um.edu.my', '0192023a7bbd73250516f069df18b500', '1', 'SHANMUGASUNDRAN A/L RAMACHANDRAN'),
(12, 'wif180002', 'wif180002@siswa.um.edu.my', '0192023a7bbd73250516f069df18b500', '1', 'THARVINASH A/L VISVANATHAN'),
(13, 'wif180003', 'wif180003@siswa.um.edu.my', '0192023a7bbd73250516f069df18b500', '1', 'SHIVA A/L CHIVATHANNU @ SIDAMBARAM'),
(14, 'wif180004', 'wif180004@siswa.um.edu.my', '0192023a7bbd73250516f069df18b500', '1', 'KISHEN A/L NAHINDRAN'),
(15, 'wif180005', 'wif180005@siswa.um.edu.my', '0192023a7bbd73250516f069df18b500', '1', 'PRASANTH A/L MANIMARAN'),
(16, 'wif180006', 'wif180006@siswa.um.edu.my', '0192023a7bbd73250516f069df18b500', '1', 'LOGAN A/L SATHIVELOO'),
(17, 'wif180007', 'wif180007@siswa.um.edu.my', '0192023a7bbd73250516f069df18b500', '1', 'THINAGAAR A/L GANESAN'),
(18, 'wif180008', 'wif180008@siswa.um.edu.my', '0192023a7bbd73250516f069df18b500', '1', 'KALAIARASAN A/L BALAN'),
(19, 'wif180009', 'wif180009@siswa.um.edu.my', '0192023a7bbd73250516f069df18b500', '1', 'CHONG EE'),
(20, 'wif180010', 'wif180010@siswa.um.edu.my', '0192023a7bbd73250516f069df18b500', '1', 'YEO MING'),
(21, 'wif180011', 'wif180011@siswa.um.edu.my', '0192023a7bbd73250516f069df18b500', '1', 'AZLAN RAHMAN'),
(22, 'wif180012', 'wif180012@siswa.um.edu.my', '0192023a7bbd73250516f069df18b500', '1', 'MOHAMMAD ADLI'),
(23, 'wif180013', 'wif180013@siswa.um.edu.my', '0192023a7bbd73250516f069df18b500', '1', 'ESTHER CHIN'),
(24, 'wif180014', 'wif180014@siswa.um.edu.my', '0192023a7bbd73250516f069df18b500', '1', 'VINOTHINI A/P PARAMASIVAM'),
(25, 'wif180015', 'wif180015@siswa.um.edu.my', '0192023a7bbd73250516f069df18b500', '1', 'KARTHIGAA A/P VELAYUTHAM'),
(26, 'wif180016', 'wif180016@siswa.um.edu.my', '0192023a7bbd73250516f069df18b500', '1', 'KARAN A/L KARUNAS'),
(27, 'wif180017', 'wif180017@siswa.um.edu.my', '0192023a7bbd73250516f069df18b500', '1', 'FARID ISKANDAR'),
(28, 'wif180018', 'wif180018@siswa.um.edu.my', '0192023a7bbd73250516f069df18b500', '1', 'GRACE KIEW'),
(29, 'wif180019', 'wif180019@siswa.um.edu.my', '0192023a7bbd73250516f069df18b500', '1', 'TAN YEE KIM'),
(30, 'wif180020', 'wif180020@siswa.um.edu.my', '0192023a7bbd73250516f069df18b500', '1', 'NURNAJIHAH FADLAN');

-- --------------------------------------------------------

--
-- Table structure for table `analysis_data`
--

CREATE TABLE `analysis_data` (
  `id` int(6) UNSIGNED NOT NULL,
  `course_id` int(6) NOT NULL,
  `week` int(6) NOT NULL,
  `attendance_count` int(30) NOT NULL
) ENGINE=InnoDB DEFAULT CHARSET=utf8mb4;

--
-- Dumping data for table `analysis_data`
--

INSERT INTO `analysis_data` (`id`, `course_id`, `week`, `attendance_count`) VALUES
(827, 57, 1, 19),
(828, 57, 2, 20),
(829, 57, 3, 18),
(830, 57, 4, 17),
(831, 57, 5, 17),
(832, 57, 6, 16),
(833, 57, 7, 15),
(834, 57, 8, 14),
(835, 57, 9, 14),
(836, 57, 10, 13),
(837, 57, 11, 12),
(838, 57, 12, 11),
(839, 57, 13, 11),
(840, 57, 14, 10),
(841, 58, 1, 19),
(842, 58, 2, 20),
(843, 58, 3, 18),
(844, 58, 4, 17),
(845, 58, 5, 17),
(846, 58, 6, 16),
(847, 58, 7, 15),
(848, 58, 8, 14),
(849, 58, 9, 14),
(850, 58, 10, 13),
(851, 58, 11, 12),
(852, 58, 12, 11),
(853, 58, 13, 11),
(854, 58, 14, 10),
(855, 4, 1, 20),
(856, 4, 2, 18),
(857, 4, 3, 15),
(858, 4, 4, 17),
(859, 4, 5, 16),
(860, 4, 6, 14),
(861, 4, 7, 13),
(862, 4, 8, 12),
(863, 4, 9, 11),
(864, 4, 10, 10),
(865, 4, 11, 9),
(866, 4, 12, 9),
(867, 4, 13, 8),
(868, 4, 14, 7),
(967, 1, 1, 20),
(968, 1, 2, 18),
(969, 1, 3, 15),
(970, 1, 4, 17),
(971, 1, 5, 16),
(972, 1, 6, 14),
(973, 1, 7, 13),
(974, 1, 8, 12),
(975, 1, 9, 11),
(976, 1, 10, 10),
(977, 1, 11, 9),
(978, 1, 12, 9),
(979, 1, 13, 8),
(980, 1, 14, 7);

-- --------------------------------------------------------

--
-- Table structure for table `attendance_data`
--

CREATE TABLE `attendance_data` (
  `attendance_id` int(100) NOT NULL,
  `course_id` varchar(100) NOT NULL,
  `student_uname` varchar(15) NOT NULL,
  `lecturer_uname` varchar(15) NOT NULL,
  `date` varchar(20) NOT NULL,
  `week` varchar(20) NOT NULL,
  `attendance_status` varchar(100) NOT NULL,
  `absence_category` varchar(1000) NOT NULL,
  `absence_reason` varchar(10000) NOT NULL,
  `absence_doc` varchar(1000) NOT NULL,
  `absence_submit` varchar(20) NOT NULL,
  `absence_status` varchar(50) NOT NULL DEFAULT '0'
) ENGINE=InnoDB DEFAULT CHARSET=utf8mb4;

--
-- Dumping data for table `attendance_data`
--

INSERT INTO `attendance_data` (`attendance_id`, `course_id`, `student_uname`, `lecturer_uname`, `date`, `week`, `attendance_status`, `absence_category`, `absence_reason`, `absence_doc`, `absence_submit`, `absence_status`) VALUES
(1, '1', 'wif180001', '17122295', '14/05/2021', '1', '1', '', '', '', '', ''),
(2, '1', 'wif180002', '17122295', '14/05/2021', '1', '1', '', '', '', '', ''),
(3, '1', 'wif180003', '17122295', '14/05/2021', '1', '1', '', '', '', '', ''),
(4, '1', 'wif180004', '17122295', '14/05/2021', '1', '1', '', '', '', '', ''),
(5, '1', 'wif180005', '17122295', '14/05/2021', '1', '1', '', '', '', '', ''),
(6, '1', 'wif180006', '17122295', '14/05/2021', '1', '1', '', '', '', '', ''),
(7, '1', 'wif180007', '17122295', '14/05/2021', '1', '1', '', '', '', '', ''),
(8, '1', 'wif180008', '17122295', '14/05/2021', '1', '1', '', '', '', '', ''),
(9, '1', 'wif180009', '17122295', '14/05/2021', '1', '1', '', '', '', '', ''),
(10, '1', 'wif180010', '17122295', '14/05/2021', '1', '1', '', '', '', '', ''),
(11, '1', 'wif180011', '17122295', '14/05/2021', '1', '1', '', '', '', '', ''),
(12, '1', 'wif180012', '17122295', '14/05/2021', '1', '1', '', '', '', '', ''),
(13, '1', 'wif180013', '17122295', '14/05/2021', '1', '1', '', '', '', '', ''),
(14, '1', 'wif180014', '17122295', '14/05/2021', '1', '1', '', '', '', '', ''),
(15, '1', 'wif180015', '17122295', '14/05/2021', '1', '1', '', '', '', '', ''),
(16, '1', 'wif180016', '17122295', '14/05/2021', '1', '1', '', '', '', '', ''),
(17, '1', 'wif180017', '17122295', '14/05/2021', '1', '1', '', '', '', '', ''),
(18, '1', 'wif180018', '17122295', '14/05/2021', '1', '1', '', '', '', '', ''),
(19, '1', 'wif180019', '17122295', '14/05/2021', '1', '1', '', '', '', '', ''),
(20, '1', 'wif180020', '17122295', '14/05/2021', '1', '1', '', '', '', '', ''),
(21, '4', 'wif180001', '17122291', '14/05/2021', '1', '1', '', '', '', '', ''),
(22, '4', 'wif180002', '17122291', '14/05/2021', '1', '1', '', '', '', '', ''),
(23, '4', 'wif180003', '17122291', '14/05/2021', '1', '1', '', '', '', '', ''),
(24, '4', 'wif180004', '17122291', '14/05/2021', '1', '1', '', '', '', '', ''),
(25, '4', 'wif180005', '17122291', '14/05/2021', '1', '1', '', '', '', '', ''),
(26, '4', 'wif180006', '17122291', '14/05/2021', '1', '1', '', '', '', '', ''),
(27, '4', 'wif180007', '17122291', '14/05/2021', '1', '1', '', '', '', '', ''),
(28, '4', 'wif180008', '17122291', '14/05/2021', '1', '1', '', '', '', '', ''),
(29, '4', 'wif180009', '17122291', '14/05/2021', '1', '1', '', '', '', '', ''),
(30, '4', 'wif180010', '17122291', '14/05/2021', '1', '1', '', '', '', '', ''),
(31, '4', 'wif180011', '17122291', '14/05/2021', '1', '1', '', '', '', '', ''),
(32, '4', 'wif180012', '17122291', '14/05/2021', '1', '1', '', '', '', '', ''),
(33, '4', 'wif180013', '17122291', '14/05/2021', '1', '1', '', '', '', '', ''),
(34, '4', 'wif180014', '17122291', '14/05/2021', '1', '1', '', '', '', '', ''),
(35, '4', 'wif180015', '17122291', '14/05/2021', '1', '1', '', '', '', '', ''),
(36, '4', 'wif180016', '17122291', '14/05/2021', '1', '1', '', '', '', '', ''),
(37, '4', 'wif180017', '17122291', '14/05/2021', '1', '1', '', '', '', '', ''),
(38, '4', 'wif180018', '17122291', '14/05/2021', '1', '1', '', '', '', '', ''),
(39, '4', 'wif180019', '17122291', '14/05/2021', '1', '1', '', '', '', '', ''),
(40, '4', 'wif180020', '17122291', '14/05/2021', '1', '1', '', '', '', '', ''),
(41, '57', 'wif180001', '17122291', '14/05/2021', '1', '1', '', '', '', '', ''),
(42, '57', 'wif180002', '17122291', '14/05/2021', '1', '0', '', '', '', '', ''),
(43, '57', 'wif180003', '17122291', '14/05/2021', '1', '1', '', '', '', '', ''),
(44, '57', 'wif180004', '17122291', '14/05/2021', '1', '1', '', '', '', '', ''),
(45, '57', 'wif180005', '17122291', '14/05/2021', '1', '1', '', '', '', '', ''),
(46, '57', 'wif180006', '17122291', '14/05/2021', '1', '1', '', '', '', '', ''),
(47, '57', 'wif180007', '17122291', '14/05/2021', '1', '1', '', '', '', '', ''),
(48, '57', 'wif180008', '17122291', '14/05/2021', '1', '1', '', '', '', '', ''),
(49, '57', 'wif180009', '17122291', '14/05/2021', '1', '1', '', '', '', '', ''),
(50, '57', 'wif180010', '17122291', '14/05/2021', '1', '1', '', '', '', '', ''),
(51, '57', 'wif180011', '17122291', '14/05/2021', '1', '1', '', '', '', '', ''),
(52, '57', 'wif180012', '17122291', '14/05/2021', '1', '1', '', '', '', '', ''),
(53, '57', 'wif180013', '17122291', '14/05/2021', '1', '1', '', '', '', '', ''),
(54, '57', 'wif180014', '17122291', '14/05/2021', '1', '1', '', '', '', '', ''),
(55, '57', 'wif180015', '17122291', '14/05/2021', '1', '1', '', '', '', '', ''),
(56, '57', 'wif180016', '17122291', '14/05/2021', '1', '1', '', '', '', '', ''),
(57, '57', 'wif180017', '17122291', '14/05/2021', '1', '1', '', '', '', '', ''),
(58, '57', 'wif180018', '17122291', '14/05/2021', '1', '1', '', '', '', '', ''),
(59, '57', 'wif180019', '17122291', '14/05/2021', '1', '1', '', '', '', '', ''),
(60, '57', 'wif180020', '17122291', '14/05/2021', '1', '1', '', '', '', '', ''),
(61, '58', 'wif180001', '17122291', '14/05/2021', '1', '1', '', '', '', '', ''),
(62, '58', 'wif180002', '17122291', '14/05/2021', '1', '1', '', '', '', '', ''),
(63, '58', 'wif180003', '17122291', '14/05/2021', '1', '1', '', '', '', '', ''),
(64, '58', 'wif180004', '17122291', '14/05/2021', '1', '1', '', '', '', '', ''),
(65, '58', 'wif180005', '17122291', '14/05/2021', '1', '1', '', '', '', '', ''),
(66, '58', 'wif180006', '17122291', '14/05/2021', '1', '1', '', '', '', '', ''),
(67, '58', 'wif180007', '17122291', '14/05/2021', '1', '1', '', '', '', '', ''),
(68, '58', 'wif180008', '17122291', '14/05/2021', '1', '1', '', '', '', '', ''),
(69, '58', 'wif180009', '17122291', '14/05/2021', '1', '1', '', '', '', '', ''),
(70, '58', 'wif180010', '17122291', '14/05/2021', '1', '1', '', '', '', '', ''),
(71, '58', 'wif180011', '17122291', '14/05/2021', '1', '1', '', '', '', '', ''),
(72, '58', 'wif180012', '17122291', '14/05/2021', '1', '1', '', '', '', '', ''),
(73, '58', 'wif180013', '17122291', '14/05/2021', '1', '1', '', '', '', '', ''),
(74, '58', 'wif180014', '17122291', '14/05/2021', '1', '1', '', '', '', '', ''),
(75, '58', 'wif180015', '17122291', '14/05/2021', '1', '1', '', '', '', '', ''),
(76, '58', 'wif180016', '17122291', '14/05/2021', '1', '1', '', '', '', '', ''),
(77, '58', 'wif180017', '17122291', '14/05/2021', '1', '1', '', '', '', '', ''),
(78, '58', 'wif180018', '17122291', '14/05/2021', '1', '1', '', '', '', '', ''),
(79, '58', 'wif180019', '17122291', '14/05/2021', '1', '1', '', '', '', '', ''),
(80, '58', 'wif180020', '17122291', '14/05/2021', '1', '1', '', '', '', '', ''),
(81, '1', 'wif180001', '17122295', '14/05/2021', '2', '1', '', '', '', '', ''),
(82, '1', 'wif180002', '17122295', '14/05/2021', '2', '1', '', '', '', '', ''),
(83, '1', 'wif180003', '17122295', '14/05/2021', '2', '1', '', '', '', '', ''),
(84, '1', 'wif180004', '17122295', '14/05/2021', '2', '2', 'Medical leave', 'Went to clinic for medication', '84WhatsApp Image 2021-11-23 at 22.48.04.jpeg', '26/11/2021', '1'),
(85, '1', 'wif180005', '17122295', '14/05/2021', '2', '1', '', '', '', '', ''),
(86, '1', 'wif180006', '17122295', '14/05/2021', '2', '1', '', '', '', '', ''),
(87, '1', 'wif180007', '17122295', '14/05/2021', '2', '0', '', '', '', '', ''),
(88, '1', 'wif180008', '17122295', '14/05/2021', '2', '1', '', '', '', '', ''),
(89, '1', 'wif180009', '17122295', '14/05/2021', '2', '1', '', '', '', '', ''),
(90, '1', 'wif180010', '17122295', '14/05/2021', '2', '1', '', '', '', '', ''),
(91, '1', 'wif180011', '17122295', '14/05/2021', '2', '1', '', '', '', '', ''),
(92, '1', 'wif180012', '17122295', '14/05/2021', '2', '1', '', '', '', '', ''),
(93, '1', 'wif180013', '17122295', '14/05/2021', '2', '1', '', '', '', '', ''),
(94, '1', 'wif180014', '17122295', '14/05/2021', '2', '1', '', '', '', '', ''),
(95, '1', 'wif180015', '17122295', '14/05/2021', '2', '1', '', '', '', '', ''),
(96, '1', 'wif180016', '17122295', '14/05/2021', '2', '1', '', '', '', '', ''),
(97, '1', 'wif180017', '17122295', '14/05/2021', '2', '1', '', '', '', '', ''),
(98, '1', 'wif180018', '17122295', '14/05/2021', '2', '1', '', '', '', '', ''),
(99, '1', 'wif180019', '17122295', '14/05/2021', '2', '1', '', '', '', '', ''),
(100, '1', 'wif180020', '17122295', '14/05/2021', '2', '1', '', '', '', '', ''),
(101, '4', 'wif180001', '17122291', '14/05/2021', '2', '1', '', '', '', '', ''),
(102, '4', 'wif180002', '17122291', '14/05/2021', '2', '1', '', '', '', '', ''),
(103, '4', 'wif180003', '17122291', '14/05/2021', '2', '1', '', '', '', '', ''),
(104, '4', 'wif180004', '17122291', '14/05/2021', '2', '0', '', '', '', '', ''),
(105, '4', 'wif180005', '17122291', '14/05/2021', '2', '1', '', '', '', '', ''),
(106, '4', 'wif180006', '17122291', '14/05/2021', '2', '1', '', '', '', '', ''),
(107, '4', 'wif180007', '17122291', '14/05/2021', '2', '0', '', '', '', '', ''),
(108, '4', 'wif180008', '17122291', '14/05/2021', '2', '1', '', '', '', '', ''),
(109, '4', 'wif180009', '17122291', '14/05/2021', '2', '1', '', '', '', '', ''),
(110, '4', 'wif180010', '17122291', '14/05/2021', '2', '1', '', '', '', '', ''),
(111, '4', 'wif180011', '17122291', '14/05/2021', '2', '1', '', '', '', '', ''),
(112, '4', 'wif180012', '17122291', '14/05/2021', '2', '1', '', '', '', '', ''),
(113, '4', 'wif180013', '17122291', '14/05/2021', '2', '1', '', '', '', '', ''),
(114, '4', 'wif180014', '17122291', '14/05/2021', '2', '1', '', '', '', '', ''),
(115, '4', 'wif180015', '17122291', '14/05/2021', '2', '1', '', '', '', '', ''),
(116, '4', 'wif180016', '17122291', '14/05/2021', '2', '1', '', '', '', '', ''),
(117, '4', 'wif180017', '17122291', '14/05/2021', '2', '1', '', '', '', '', ''),
(118, '4', 'wif180018', '17122291', '14/05/2021', '2', '1', '', '', '', '', ''),
(119, '4', 'wif180019', '17122291', '14/05/2021', '2', '1', '', '', '', '', ''),
(120, '4', 'wif180020', '17122291', '14/05/2021', '2', '1', '', '', '', '', ''),
(121, '57', 'wif180001', '17122291', '14/05/2021', '2', '1', '', '', '', '', ''),
(122, '57', 'wif180002', '17122291', '14/05/2021', '2', '1', '', '', '', '', ''),
(123, '57', 'wif180003', '17122291', '14/05/2021', '2', '1', '', '', '', '', ''),
(124, '57', 'wif180004', '17122291', '14/05/2021', '2', '1', '', '', '', '', ''),
(125, '57', 'wif180005', '17122291', '14/05/2021', '2', '1', '', '', '', '', ''),
(126, '57', 'wif180006', '17122291', '14/05/2021', '2', '1', '', '', '', '', ''),
(127, '57', 'wif180007', '17122291', '14/05/2021', '2', '1', '', '', '', '', ''),
(128, '57', 'wif180008', '17122291', '14/05/2021', '2', '1', '', '', '', '', ''),
(129, '57', 'wif180009', '17122291', '14/05/2021', '2', '1', '', '', '', '', ''),
(130, '57', 'wif180010', '17122291', '14/05/2021', '2', '1', '', '', '', '', ''),
(131, '57', 'wif180011', '17122291', '14/05/2021', '2', '1', '', '', '', '', ''),
(132, '57', 'wif180012', '17122291', '14/05/2021', '2', '1', '', '', '', '', ''),
(133, '57', 'wif180013', '17122291', '14/05/2021', '2', '1', '', '', '', '', ''),
(134, '57', 'wif180014', '17122291', '14/05/2021', '2', '1', '', '', '', '', ''),
(135, '57', 'wif180015', '17122291', '14/05/2021', '2', '1', '', '', '', '', ''),
(136, '57', 'wif180016', '17122291', '14/05/2021', '2', '1', '', '', '', '', ''),
(137, '57', 'wif180017', '17122291', '14/05/2021', '2', '1', '', '', '', '', ''),
(138, '57', 'wif180018', '17122291', '14/05/2021', '2', '1', '', '', '', '', ''),
(139, '57', 'wif180019', '17122291', '14/05/2021', '2', '1', '', '', '', '', ''),
(140, '57', 'wif180020', '17122291', '14/05/2021', '2', '1', '', '', '', '', ''),
(141, '58', 'wif180001', '17122291', '14/05/2021', '2', '1', '', '', '', '', ''),
(142, '58', 'wif180002', '17122291', '14/05/2021', '2', '1', '', '', '', '', ''),
(143, '58', 'wif180003', '17122291', '14/05/2021', '2', '1', '', '', '', '', ''),
(144, '58', 'wif180004', '17122291', '14/05/2021', '2', '1', '', '', '', '', ''),
(145, '58', 'wif180005', '17122291', '14/05/2021', '2', '1', '', '', '', '', ''),
(146, '58', 'wif180006', '17122291', '14/05/2021', '2', '1', '', '', '', '', ''),
(147, '58', 'wif180007', '17122291', '14/05/2021', '2', '1', '', '', '', '', ''),
(148, '58', 'wif180008', '17122291', '14/05/2021', '2', '1', '', '', '', '', ''),
(149, '58', 'wif180009', '17122291', '14/05/2021', '2', '1', '', '', '', '', ''),
(150, '58', 'wif180010', '17122291', '14/05/2021', '2', '1', '', '', '', '', ''),
(151, '58', 'wif180011', '17122291', '14/05/2021', '2', '1', '', '', '', '', ''),
(152, '58', 'wif180012', '17122291', '14/05/2021', '2', '1', '', '', '', '', ''),
(153, '58', 'wif180013', '17122291', '14/05/2021', '2', '1', '', '', '', '', ''),
(154, '58', 'wif180014', '17122291', '14/05/2021', '2', '1', '', '', '', '', ''),
(155, '58', 'wif180015', '17122291', '14/05/2021', '2', '1', '', '', '', '', ''),
(156, '58', 'wif180016', '17122291', '14/05/2021', '2', '1', '', '', '', '', ''),
(157, '58', 'wif180017', '17122291', '14/05/2021', '2', '1', '', '', '', '', ''),
(158, '58', 'wif180018', '17122291', '14/05/2021', '2', '1', '', '', '', '', ''),
(159, '58', 'wif180019', '17122291', '14/05/2021', '2', '1', '', '', '', '', ''),
(160, '58', 'wif180020', '17122291', '14/05/2021', '2', '1', '', '', '', '', ''),
(161, '1', 'wif180001', '17122295', '14/05/2021', '3', '1', '', '', '', '', ''),
(162, '1', 'wif180002', '17122295', '14/05/2021', '3', '1', '', '', '', '', ''),
(163, '1', 'wif180003', '17122295', '14/05/2021', '3', '1', '', '', '', '', ''),
(164, '1', 'wif180004', '17122295', '14/05/2021', '3', '0', '', '', '', '', ''),
(165, '1', 'wif180005', '17122295', '14/05/2021', '3', '1', '', '', '', '', ''),
(166, '1', 'wif180006', '17122295', '14/05/2021', '3', '1', '', '', '', '', ''),
(167, '1', 'wif180007', '17122295', '14/05/2021', '3', '0', '', '', '', '', ''),
(168, '1', 'wif180008', '17122295', '14/05/2021', '3', '1', '', '', '', '', ''),
(169, '1', 'wif180009', '17122295', '14/05/2021', '3', '0', '', '', '', '', ''),
(170, '1', 'wif180010', '17122295', '14/05/2021', '3', '1', '', '', '', '', ''),
(171, '1', 'wif180011', '17122295', '14/05/2021', '3', '1', '', '', '', '', ''),
(172, '1', 'wif180012', '17122295', '14/05/2021', '3', '1', '', '', '', '', ''),
(173, '1', 'wif180013', '17122295', '14/05/2021', '3', '0', '', '', '', '', ''),
(174, '1', 'wif180014', '17122295', '14/05/2021', '3', '1', '', '', '', '', ''),
(175, '1', 'wif180015', '17122295', '14/05/2021', '3', '1', '', '', '', '', ''),
(176, '1', 'wif180016', '17122295', '14/05/2021', '3', '1', '', '', '', '', ''),
(177, '1', 'wif180017', '17122295', '14/05/2021', '3', '0', '', '', '', '', ''),
(178, '1', 'wif180018', '17122295', '14/05/2021', '3', '1', '', '', '', '', ''),
(179, '1', 'wif180019', '17122295', '14/05/2021', '3', '1', '', '', '', '', ''),
(180, '1', 'wif180020', '17122295', '14/05/2021', '3', '1', '', '', '', '', ''),
(181, '4', 'wif180001', '17122291', '14/05/2021', '3', '1', '', '', '', '', ''),
(182, '4', 'wif180002', '17122291', '14/05/2021', '3', '1', '', '', '', '', ''),
(183, '4', 'wif180003', '17122291', '14/05/2021', '3', '1', '', '', '', '', ''),
(184, '4', 'wif180004', '17122291', '14/05/2021', '3', '0', '', '', '', '', ''),
(185, '4', 'wif180005', '17122291', '14/05/2021', '3', '1', '', '', '', '', ''),
(186, '4', 'wif180006', '17122291', '14/05/2021', '3', '1', '', '', '', '', ''),
(187, '4', 'wif180007', '17122291', '14/05/2021', '3', '0', '', '', '', '', ''),
(188, '4', 'wif180008', '17122291', '14/05/2021', '3', '1', '', '', '', '', ''),
(189, '4', 'wif180009', '17122291', '14/05/2021', '3', '0', '', '', '', '', ''),
(190, '4', 'wif180010', '17122291', '14/05/2021', '3', '1', '', '', '', '', ''),
(191, '4', 'wif180011', '17122291', '14/05/2021', '3', '1', '', '', '', '', ''),
(192, '4', 'wif180012', '17122291', '14/05/2021', '3', '1', '', '', '', '', ''),
(193, '4', 'wif180013', '17122291', '14/05/2021', '3', '0', '', '', '', '', ''),
(194, '4', 'wif180014', '17122291', '14/05/2021', '3', '1', '', '', '', '', ''),
(195, '4', 'wif180015', '17122291', '14/05/2021', '3', '1', '', '', '', '', ''),
(196, '4', 'wif180016', '17122291', '14/05/2021', '3', '1', '', '', '', '', ''),
(197, '4', 'wif180017', '17122291', '14/05/2021', '3', '0', '', '', '', '', ''),
(198, '4', 'wif180018', '17122291', '14/05/2021', '3', '1', '', '', '', '', ''),
(199, '4', 'wif180019', '17122291', '14/05/2021', '3', '1', '', '', '', '', ''),
(200, '4', 'wif180020', '17122291', '14/05/2021', '3', '1', '', '', '', '', ''),
(201, '57', 'wif180001', '17122291', '14/05/2021', '3', '1', '', '', '', '', ''),
(202, '57', 'wif180002', '17122291', '14/05/2021', '3', '0', '', '', '', '', ''),
(203, '57', 'wif180003', '17122291', '14/05/2021', '3', '1', '', '', '', '', ''),
(204, '57', 'wif180004', '17122291', '14/05/2021', '3', '1', '', '', '', '', ''),
(205, '57', 'wif180005', '17122291', '14/05/2021', '3', '1', '', '', '', '', ''),
(206, '57', 'wif180006', '17122291', '14/05/2021', '3', '0', '', '', '', '', ''),
(207, '57', 'wif180007', '17122291', '14/05/2021', '3', '1', '', '', '', '', ''),
(208, '57', 'wif180008', '17122291', '14/05/2021', '3', '1', '', '', '', '', ''),
(209, '57', 'wif180009', '17122291', '14/05/2021', '3', '1', '', '', '', '', ''),
(210, '57', 'wif180010', '17122291', '14/05/2021', '3', '1', '', '', '', '', ''),
(211, '57', 'wif180011', '17122291', '14/05/2021', '3', '1', '', '', '', '', ''),
(212, '57', 'wif180012', '17122291', '14/05/2021', '3', '1', '', '', '', '', ''),
(213, '57', 'wif180013', '17122291', '14/05/2021', '3', '1', '', '', '', '', ''),
(214, '57', 'wif180014', '17122291', '14/05/2021', '3', '1', '', '', '', '', ''),
(215, '57', 'wif180015', '17122291', '14/05/2021', '3', '1', '', '', '', '', ''),
(216, '57', 'wif180016', '17122291', '14/05/2021', '3', '1', '', '', '', '', ''),
(217, '57', 'wif180017', '17122291', '14/05/2021', '3', '1', '', '', '', '', ''),
(218, '57', 'wif180018', '17122291', '14/05/2021', '3', '1', '', '', '', '', ''),
(219, '57', 'wif180019', '17122291', '14/05/2021', '3', '1', '', '', '', '', ''),
(220, '57', 'wif180020', '17122291', '14/05/2021', '3', '1', '', '', '', '', ''),
(221, '58', 'wif180001', '17122291', '14/05/2021', '3', '1', '', '', '', '', ''),
(222, '58', 'wif180002', '17122291', '14/05/2021', '3', '0', '', '', '', '', ''),
(223, '58', 'wif180003', '17122291', '14/05/2021', '3', '1', '', '', '', '', ''),
(224, '58', 'wif180004', '17122291', '14/05/2021', '3', '1', '', '', '', '', ''),
(225, '58', 'wif180005', '17122291', '14/05/2021', '3', '1', '', '', '', '', ''),
(226, '58', 'wif180006', '17122291', '14/05/2021', '3', '0', '', '', '', '', ''),
(227, '58', 'wif180007', '17122291', '14/05/2021', '3', '1', '', '', '', '', ''),
(228, '58', 'wif180008', '17122291', '14/05/2021', '3', '1', '', '', '', '', ''),
(229, '58', 'wif180009', '17122291', '14/05/2021', '3', '1', '', '', '', '', ''),
(230, '58', 'wif180010', '17122291', '14/05/2021', '3', '1', '', '', '', '', ''),
(231, '58', 'wif180011', '17122291', '14/05/2021', '3', '1', '', '', '', '', ''),
(232, '58', 'wif180012', '17122291', '14/05/2021', '3', '1', '', '', '', '', ''),
(233, '58', 'wif180013', '17122291', '14/05/2021', '3', '1', '', '', '', '', ''),
(234, '58', 'wif180014', '17122291', '14/05/2021', '3', '1', '', '', '', '', ''),
(235, '58', 'wif180015', '17122291', '14/05/2021', '3', '1', '', '', '', '', ''),
(236, '58', 'wif180016', '17122291', '14/05/2021', '3', '1', '', '', '', '', ''),
(237, '58', 'wif180017', '17122291', '14/05/2021', '3', '1', '', '', '', '', ''),
(238, '58', 'wif180018', '17122291', '14/05/2021', '3', '1', '', '', '', '', ''),
(239, '58', 'wif180019', '17122291', '14/05/2021', '3', '1', '', '', '', '', ''),
(240, '58', 'wif180020', '17122291', '14/05/2021', '3', '1', '', '', '', '', ''),
(241, '1', 'wif180001', '17122295', '14/05/2021', '4', '1', '', '', '', '', ''),
(242, '1', 'wif180002', '17122295', '14/05/2021', '4', '1', '', '', '', '', ''),
(243, '1', 'wif180003', '17122295', '14/05/2021', '4', '1', '', '', '', '', ''),
(244, '1', 'wif180004', '17122295', '14/05/2021', '4', '0', '', '', '', '', ''),
(245, '1', 'wif180005', '17122295', '14/05/2021', '4', '1', '', '', '', '', ''),
(246, '1', 'wif180006', '17122295', '14/05/2021', '4', '1', '', '', '', '', ''),
(247, '1', 'wif180007', '17122295', '14/05/2021', '4', '0', '', '', '', '', ''),
(248, '1', 'wif180008', '17122295', '14/05/2021', '4', '1', '', '', '', '', ''),
(249, '1', 'wif180009', '17122295', '14/05/2021', '4', '0', '', '', '', '', ''),
(250, '1', 'wif180010', '17122295', '14/05/2021', '4', '1', '', '', '', '', ''),
(251, '1', 'wif180011', '17122295', '14/05/2021', '4', '1', '', '', '', '', ''),
(252, '1', 'wif180012', '17122295', '14/05/2021', '4', '1', '', '', '', '', ''),
(253, '1', 'wif180013', '17122295', '14/05/2021', '4', '1', '', '', '', '', ''),
(254, '1', 'wif180014', '17122295', '14/05/2021', '4', '1', '', '', '', '', ''),
(255, '1', 'wif180015', '17122295', '14/05/2021', '4', '1', '', '', '', '', ''),
(256, '1', 'wif180016', '17122295', '14/05/2021', '4', '1', '', '', '', '', ''),
(257, '1', 'wif180017', '17122295', '14/05/2021', '4', '1', '', '', '', '', ''),
(258, '1', 'wif180018', '17122295', '14/05/2021', '4', '1', '', '', '', '', ''),
(259, '1', 'wif180019', '17122295', '14/05/2021', '4', '1', '', '', '', '', ''),
(260, '1', 'wif180020', '17122295', '14/05/2021', '4', '1', '', '', '', '', ''),
(261, '4', 'wif180001', '17122291', '14/05/2021', '4', '1', '', '', '', '', ''),
(262, '4', 'wif180002', '17122291', '14/05/2021', '4', '1', '', '', '', '', ''),
(263, '4', 'wif180003', '17122291', '14/05/2021', '4', '1', '', '', '', '', ''),
(264, '4', 'wif180004', '17122291', '14/05/2021', '4', '0', '', '', '', '', ''),
(265, '4', 'wif180005', '17122291', '14/05/2021', '4', '1', '', '', '', '', ''),
(266, '4', 'wif180006', '17122291', '14/05/2021', '4', '1', '', '', '', '', ''),
(267, '4', 'wif180007', '17122291', '14/05/2021', '4', '0', '', '', '', '', ''),
(268, '4', 'wif180008', '17122291', '14/05/2021', '4', '1', '', '', '', '', ''),
(269, '4', 'wif180009', '17122291', '14/05/2021', '4', '0', '', '', '', '', ''),
(270, '4', 'wif180010', '17122291', '14/05/2021', '4', '1', '', '', '', '', ''),
(271, '4', 'wif180011', '17122291', '14/05/2021', '4', '1', '', '', '', '', ''),
(272, '4', 'wif180012', '17122291', '14/05/2021', '4', '1', '', '', '', '', ''),
(273, '4', 'wif180013', '17122291', '14/05/2021', '4', '1', '', '', '', '', ''),
(274, '4', 'wif180014', '17122291', '14/05/2021', '4', '1', '', '', '', '', ''),
(275, '4', 'wif180015', '17122291', '14/05/2021', '4', '1', '', '', '', '', ''),
(276, '4', 'wif180016', '17122291', '14/05/2021', '4', '1', '', '', '', '', ''),
(277, '4', 'wif180017', '17122291', '14/05/2021', '4', '1', '', '', '', '', ''),
(278, '4', 'wif180018', '17122291', '14/05/2021', '4', '1', '', '', '', '', ''),
(279, '4', 'wif180019', '17122291', '14/05/2021', '4', '1', '', '', '', '', ''),
(280, '4', 'wif180020', '17122291', '14/05/2021', '4', '1', '', '', '', '', ''),
(281, '57', 'wif180001', '17122291', '14/05/2021', '4', '1', '', '', '', '', ''),
(282, '57', 'wif180002', '17122291', '14/05/2021', '4', '0', '', '', '', '', ''),
(283, '57', 'wif180003', '17122291', '14/05/2021', '4', '1', '', '', '', '', ''),
(284, '57', 'wif180004', '17122291', '14/05/2021', '4', '1', '', '', '', '', ''),
(285, '57', 'wif180005', '17122291', '14/05/2021', '4', '1', '', '', '', '', ''),
(286, '57', 'wif180006', '17122291', '14/05/2021', '4', '0', '', '', '', '', ''),
(287, '57', 'wif180007', '17122291', '14/05/2021', '4', '1', '', '', '', '', ''),
(288, '57', 'wif180008', '17122291', '14/05/2021', '4', '1', '', '', '', '', ''),
(289, '57', 'wif180009', '17122291', '14/05/2021', '4', '1', '', '', '', '', ''),
(290, '57', 'wif180010', '17122291', '14/05/2021', '4', '1', '', '', '', '', ''),
(291, '57', 'wif180011', '17122291', '14/05/2021', '4', '1', '', '', '', '', ''),
(292, '57', 'wif180012', '17122291', '14/05/2021', '4', '1', '', '', '', '', ''),
(293, '57', 'wif180013', '17122291', '14/05/2021', '4', '0', '', '', '', '', ''),
(294, '57', 'wif180014', '17122291', '14/05/2021', '4', '1', '', '', '', '', ''),
(295, '57', 'wif180015', '17122291', '14/05/2021', '4', '1', '', '', '', '', ''),
(296, '57', 'wif180016', '17122291', '14/05/2021', '4', '1', '', '', '', '', ''),
(297, '57', 'wif180017', '17122291', '14/05/2021', '4', '1', '', '', '', '', ''),
(298, '57', 'wif180018', '17122291', '14/05/2021', '4', '1', '', '', '', '', ''),
(299, '57', 'wif180019', '17122291', '14/05/2021', '4', '1', '', '', '', '', ''),
(300, '57', 'wif180020', '17122291', '14/05/2021', '4', '1', '', '', '', '', ''),
(301, '58', 'wif180001', '17122291', '14/05/2021', '4', '1', '', '', '', '', ''),
(302, '58', 'wif180002', '17122291', '14/05/2021', '4', '0', '', '', '', '', ''),
(303, '58', 'wif180003', '17122291', '14/05/2021', '4', '1', '', '', '', '', ''),
(304, '58', 'wif180004', '17122291', '14/05/2021', '4', '1', '', '', '', '', ''),
(305, '58', 'wif180005', '17122291', '14/05/2021', '4', '1', '', '', '', '', ''),
(306, '58', 'wif180006', '17122291', '14/05/2021', '4', '0', '', '', '', '', ''),
(307, '58', 'wif180007', '17122291', '14/05/2021', '4', '1', '', '', '', '', ''),
(308, '58', 'wif180008', '17122291', '14/05/2021', '4', '1', '', '', '', '', ''),
(309, '58', 'wif180009', '17122291', '14/05/2021', '4', '1', '', '', '', '', ''),
(310, '58', 'wif180010', '17122291', '14/05/2021', '4', '1', '', '', '', '', ''),
(311, '58', 'wif180011', '17122291', '14/05/2021', '4', '1', '', '', '', '', ''),
(312, '58', 'wif180012', '17122291', '14/05/2021', '4', '1', '', '', '', '', ''),
(313, '58', 'wif180013', '17122291', '14/05/2021', '4', '1', '', '', '', '', ''),
(314, '58', 'wif180014', '17122291', '14/05/2021', '4', '1', '', '', '', '', ''),
(315, '58', 'wif180015', '17122291', '14/05/2021', '4', '1', '', '', '', '', ''),
(316, '58', 'wif180016', '17122291', '14/05/2021', '4', '1', '', '', '', '', ''),
(317, '58', 'wif180017', '17122291', '14/05/2021', '4', '1', '', '', '', '', ''),
(318, '58', 'wif180018', '17122291', '14/05/2021', '4', '1', '', '', '', '', ''),
(319, '58', 'wif180019', '17122291', '14/05/2021', '4', '1', '', '', '', '', ''),
(320, '58', 'wif180020', '17122291', '14/05/2021', '4', '0', '', '', '', '', ''),
(321, '1', 'wif180001', '17122295', '14/05/2021', '5', '1', '', '', '', '', ''),
(322, '1', 'wif180002', '17122295', '14/05/2021', '5', '1', '', '', '', '', ''),
(323, '1', 'wif180003', '17122295', '14/05/2021', '5', '1', '', '', '', '', ''),
(324, '1', 'wif180004', '17122295', '14/05/2021', '5', '0', '', '', '', '', ''),
(325, '1', 'wif180005', '17122295', '14/05/2021', '5', '1', '', '', '', '', ''),
(326, '1', 'wif180006', '17122295', '14/05/2021', '5', '1', '', '', '', '', ''),
(327, '1', 'wif180007', '17122295', '14/05/2021', '5', '0', '', '', '', '', ''),
(328, '1', 'wif180008', '17122295', '14/05/2021', '5', '1', '', '', '', '', ''),
(329, '1', 'wif180009', '17122295', '14/05/2021', '5', '0', '', '', '', '', ''),
(330, '1', 'wif180010', '17122295', '14/05/2021', '5', '1', '', '', '', '', ''),
(331, '1', 'wif180011', '17122295', '14/05/2021', '5', '1', '', '', '', '', ''),
(332, '1', 'wif180012', '17122295', '14/05/2021', '5', '1', '', '', '', '', ''),
(333, '1', 'wif180013', '17122295', '14/05/2021', '5', '1', '', '', '', '', ''),
(334, '1', 'wif180014', '17122295', '14/05/2021', '5', '1', '', '', '', '', ''),
(335, '1', 'wif180015', '17122295', '14/05/2021', '5', '1', '', '', '', '', ''),
(336, '1', 'wif180016', '17122295', '14/05/2021', '5', '0', '', '', '', '', ''),
(337, '1', 'wif180017', '17122295', '14/05/2021', '5', '1', '', '', '', '', ''),
(338, '1', 'wif180018', '17122295', '14/05/2021', '5', '1', '', '', '', '', ''),
(339, '1', 'wif180019', '17122295', '14/05/2021', '5', '1', '', '', '', '', ''),
(340, '1', 'wif180020', '17122295', '14/05/2021', '5', '1', '', '', '', '', ''),
(341, '4', 'wif180001', '17122291', '14/05/2021', '5', '1', '', '', '', '', ''),
(342, '4', 'wif180002', '17122291', '14/05/2021', '5', '1', '', '', '', '', ''),
(343, '4', 'wif180003', '17122291', '14/05/2021', '5', '1', '', '', '', '', ''),
(344, '4', 'wif180004', '17122291', '14/05/2021', '5', '0', '', '', '', '', ''),
(345, '4', 'wif180005', '17122291', '14/05/2021', '5', '1', '', '', '', '', ''),
(346, '4', 'wif180006', '17122291', '14/05/2021', '5', '1', '', '', '', '', ''),
(347, '4', 'wif180007', '17122291', '14/05/2021', '5', '0', '', '', '', '', ''),
(348, '4', 'wif180008', '17122291', '14/05/2021', '5', '1', '', '', '', '', ''),
(349, '4', 'wif180009', '17122291', '14/05/2021', '5', '0', '', '', '', '', ''),
(350, '4', 'wif180010', '17122291', '14/05/2021', '5', '1', '', '', '', '', ''),
(351, '4', 'wif180011', '17122291', '14/05/2021', '5', '1', '', '', '', '', ''),
(352, '4', 'wif180012', '17122291', '14/05/2021', '5', '1', '', '', '', '', ''),
(353, '4', 'wif180013', '17122291', '14/05/2021', '5', '1', '', '', '', '', ''),
(354, '4', 'wif180014', '17122291', '14/05/2021', '5', '1', '', '', '', '', ''),
(355, '4', 'wif180015', '17122291', '14/05/2021', '5', '1', '', '', '', '', ''),
(356, '4', 'wif180016', '17122291', '14/05/2021', '5', '0', '', '', '', '', ''),
(357, '4', 'wif180017', '17122291', '14/05/2021', '5', '1', '', '', '', '', ''),
(358, '4', 'wif180018', '17122291', '14/05/2021', '5', '1', '', '', '', '', ''),
(359, '4', 'wif180019', '17122291', '14/05/2021', '5', '1', '', '', '', '', ''),
(360, '4', 'wif180020', '17122291', '14/05/2021', '5', '1', '', '', '', '', ''),
(361, '57', 'wif180001', '17122291', '14/05/2021', '5', '1', '', '', '', '', ''),
(362, '57', 'wif180002', '17122291', '14/05/2021', '5', '0', '', '', '', '', ''),
(363, '57', 'wif180003', '17122291', '14/05/2021', '5', '1', '', '', '', '', ''),
(364, '57', 'wif180004', '17122291', '14/05/2021', '5', '1', '', '', '', '', ''),
(365, '57', 'wif180005', '17122291', '14/05/2021', '5', '1', '', '', '', '', ''),
(366, '57', 'wif180006', '17122291', '14/05/2021', '5', '0', '', '', '', '', ''),
(367, '57', 'wif180007', '17122291', '14/05/2021', '5', '1', '', '', '', '', ''),
(368, '57', 'wif180008', '17122291', '14/05/2021', '5', '1', '', '', '', '', ''),
(369, '57', 'wif180009', '17122291', '14/05/2021', '5', '1', '', '', '', '', ''),
(370, '57', 'wif180010', '17122291', '14/05/2021', '5', '0', '', '', '', '', ''),
(371, '57', 'wif180011', '17122291', '14/05/2021', '5', '1', '', '', '', '', ''),
(372, '57', 'wif180012', '17122291', '14/05/2021', '5', '1', '', '', '', '', ''),
(373, '57', 'wif180013', '17122291', '14/05/2021', '5', '1', '', '', '', '', ''),
(374, '57', 'wif180014', '17122291', '14/05/2021', '5', '1', '', '', '', '', ''),
(375, '57', 'wif180015', '17122291', '14/05/2021', '5', '1', '', '', '', '', ''),
(376, '57', 'wif180016', '17122291', '14/05/2021', '5', '1', '', '', '', '', ''),
(377, '57', 'wif180017', '17122291', '14/05/2021', '5', '1', '', '', '', '', ''),
(378, '57', 'wif180018', '17122291', '14/05/2021', '5', '1', '', '', '', '', ''),
(379, '57', 'wif180019', '17122291', '14/05/2021', '5', '1', '', '', '', '', ''),
(380, '57', 'wif180020', '17122291', '14/05/2021', '5', '1', '', '', '', '', ''),
(381, '58', 'wif180001', '17122291', '14/05/2021', '5', '1', '', '', '', '', ''),
(382, '58', 'wif180002', '17122291', '14/05/2021', '5', '0', '', '', '', '', ''),
(383, '58', 'wif180003', '17122291', '14/05/2021', '5', '1', '', '', '', '', ''),
(384, '58', 'wif180004', '17122291', '14/05/2021', '5', '1', '', '', '', '', ''),
(385, '58', 'wif180005', '17122291', '14/05/2021', '5', '1', '', '', '', '', ''),
(386, '58', 'wif180006', '17122291', '14/05/2021', '5', '0', '', '', '', '', ''),
(387, '58', 'wif180007', '17122291', '14/05/2021', '5', '1', '', '', '', '', ''),
(388, '58', 'wif180008', '17122291', '14/05/2021', '5', '1', '', '', '', '', ''),
(389, '58', 'wif180009', '17122291', '14/05/2021', '5', '1', '', '', '', '', ''),
(390, '58', 'wif180010', '17122291', '14/05/2021', '5', '0', '', '', '', '', ''),
(391, '58', 'wif180011', '17122291', '14/05/2021', '5', '1', '', '', '', '', ''),
(392, '58', 'wif180012', '17122291', '14/05/2021', '5', '1', '', '', '', '', ''),
(393, '58', 'wif180013', '17122291', '14/05/2021', '5', '1', '', '', '', '', ''),
(394, '58', 'wif180014', '17122291', '14/05/2021', '5', '1', '', '', '', '', ''),
(395, '58', 'wif180015', '17122291', '14/05/2021', '5', '1', '', '', '', '', ''),
(396, '58', 'wif180016', '17122291', '14/05/2021', '5', '1', '', '', '', '', ''),
(397, '58', 'wif180017', '17122291', '14/05/2021', '5', '1', '', '', '', '', ''),
(398, '58', 'wif180018', '17122291', '14/05/2021', '5', '1', '', '', '', '', ''),
(399, '58', 'wif180019', '17122291', '14/05/2021', '5', '1', '', '', '', '', ''),
(400, '58', 'wif180020', '17122291', '14/05/2021', '5', '1', '', '', '', '', '');

-- --------------------------------------------------------

--
-- Table structure for table `backup`
--

CREATE TABLE `backup` (
  `id` int(10) NOT NULL,
  `name` varchar(100) NOT NULL,
  `date` varchar(100) NOT NULL,
  `year` varchar(100) NOT NULL,
  `time` varchar(100) NOT NULL
) ENGINE=InnoDB DEFAULT CHARSET=utf8mb4;

--
-- Dumping data for table `backup`
--

INSERT INTO `backup` (`id`, `name`, `date`, `year`, `time`) VALUES
(121, 'Fri 29-Oct-2021 02-50', 'Fri 29-Oct', '2021', '02-50'),
(122, 'Tue 09-Nov-2021 21-40', 'Tue 09-Nov', '2021', '21-40'),
(123, 'Wed 10-Nov-2021 18-40', 'Wed 10-Nov', '2021', '18-40'),
(124, 'Fri 12-Nov-2021 20-06', 'Fri 12-Nov', '2021', '20-06'),
(125, 'Fri 26-Nov-2021 15-24', 'Fri 26-Nov', '2021', '15-24'),
(126, 'Mon 29-Nov-2021 21-22', 'Mon 29-Nov', '2021', '21-22'),
(127, 'Tue 30-Nov-2021 19-55', 'Tue 30-Nov', '2021', '19-55'),
(128, 'Wed 01-Dec-2021 18-40', 'Wed 01-Dec', '2021', '18-40'),
(129, 'Wed 08-Dec-2021 01-24', 'Wed 08-Dec', '2021', '01-24'),
(130, 'Wed 08-Dec-2021 18-55', 'Wed 08-Dec', '2021', '18-55'),
(131, 'Fri 10-Dec-2021 18-40', 'Fri 10-Dec', '2021', '18-40');

-- --------------------------------------------------------

--
-- Table structure for table `class_notification`
--

CREATE TABLE `class_notification` (
  `courseid` int(255) NOT NULL,
  `lecturer_id` int(10) NOT NULL,
  `CourseCode` varchar(200) NOT NULL,
  `CourseName` text NOT NULL,
  `ClassDetail` text NOT NULL,
  `week` int(10) NOT NULL,
  `classdate` date NOT NULL,
  `starttime` time NOT NULL,
  `endtime` time NOT NULL,
  `locationname` text NOT NULL,
  `addmessage` text NOT NULL
) ENGINE=InnoDB DEFAULT CHARSET=utf8mb4;

--
-- Dumping data for table `class_notification`
--

INSERT INTO `class_notification` (`courseid`, `lecturer_id`, `CourseCode`, `CourseName`, `ClassDetail`, `week`, `classdate`, `starttime`, `endtime`, `locationname`, `addmessage`) VALUES
(4, 3, 'WIX1001', 'Computing Mathematics', 'T1', 3, '2022-02-17', '01:40:00', '02:43:00', 'Cube', 'Buddham');

-- --------------------------------------------------------

--
-- Table structure for table `course`
--

CREATE TABLE `course` (
  `courseid` int(255) NOT NULL,
  `CourseType` int(10) NOT NULL,
  `CourseCode` varchar(10) NOT NULL,
  `CourseName` varchar(255) DEFAULT NULL,
  `ClassDetail` varchar(255) DEFAULT NULL,
  `ClassDay` text NOT NULL,
  `ClassDate` text NOT NULL,
  `StartTime` time NOT NULL,
  `EndTime` time NOT NULL,
  `location_ID` int(10) NOT NULL
) ENGINE=InnoDB DEFAULT CHARSET=latin1;

--
-- Dumping data for table `course`
--

INSERT INTO `course` (`courseid`, `CourseType`, `CourseCode`, `CourseName`, `ClassDetail`, `ClassDay`, `ClassDate`, `StartTime`, `EndTime`, `location_ID`) VALUES
(1, 1, 'WIX1001', 'Computing Mathematics', 'K1', 'Monday', '{\"dow\":\"1\",\"start\":\"2022-01-03\",\"end\":\"2022-03-11\"}', '16:00:00', '18:00:00', 14),
(2, 1, 'WIX1001', 'Computing Mathematics', 'K2', 'Monday', '{\"dow\":\"1\",\"start\":\"2022-01-03\",\"end\":\"2022-03-11\"}', '16:00:00', '18:00:00', 4),
(3, 1, 'WIX1001', 'Computing Mathematics', 'K3', 'Monday', '{\"dow\":\"1\",\"start\":\"2022-01-03\",\"end\":\"2022-03-11\"}', '16:00:00', '18:00:00', 5),
(4, 1, 'WIX1001', 'Computing Mathematics', 'T1', 'Wednesday', '{\"dow\":\"3\",\"start\":\"2022-01-05\",\"end\":\"2022-03-13\"}', '12:00:00', '13:00:00', 6),
(5, 1, 'WIX1001', 'Computing Mathematics', 'T2', 'Wednesday', '{\"dow\":\"3\",\"start\":\"2022-01-05\",\"end\":\"2022-03-13\"}', '13:00:00', '14:00:00', 6),
(6, 1, 'WIX1001', 'Computing Mathematics', 'T3', 'Wednesday', '{\"dow\":\"3\",\"start\":\"2022-01-05\",\"end\":\"2022-03-13\"}', '14:00:00', '15:00:00', 7),
(7, 1, 'WIX1001', 'Computing Mathematics', 'T4', 'Wednesday', '{\"dow\":\"3\",\"start\":\"2022-01-05\",\"end\":\"2022-03-13\"}', '14:00:00', '15:00:00', 8),
(8, 1, 'WIX1001', 'Computing Mathematics', 'T5', 'Wednesday', '{\"dow\":\"3\",\"start\":\"2022-01-05\",\"end\":\"2022-03-13\"}', '14:00:00', '15:00:00', 8),
(9, 1, 'WIX1001', 'Computing Mathematics', 'T6', 'Wednesday', '{\"dow\":\"3\",\"start\":\"2022-01-05\",\"end\":\"2022-03-13\"}', '11:00:00', '12:00:00', 9),
(10, 1, 'WIX1001', 'Computing Mathematics', 'T7', 'Wednesday', '{\"dow\":\"3\",\"start\":\"2022-01-05\",\"end\":\"2022-03-13\"}', '13:00:00', '14:00:00', 9),
(11, 1, 'WIX1001', 'Computing Mathematics', 'T8', 'Wednesday', '{\"dow\":\"3\",\"start\":\"2022-01-05\",\"end\":\"2022-03-13\"}', '11:00:00', '12:00:00', 10),
(12, 1, 'WIX1001', 'Computing Mathematics', 'T9', 'Wednesday', '{\"dow\":\"3\",\"start\":\"2022-01-05\",\"end\":\"2022-03-13\"}', '11:00:00', '12:00:00', 10),
(13, 1, 'WIX1002', 'Fundamentals of Programming', 'K1', 'Monday', '{\"dow\":\"1\",\"start\":\"2022-01-03\",\"end\":\"2022-03-11\"}', '09:00:00', '11:00:00', 4),
(14, 1, 'WIX1002', 'Fundamentals of Programming', 'K2', 'Monday', '{\"dow\":\"1\",\"start\":\"2022-01-03\",\"end\":\"2022-03-11\"}', '09:00:00', '12:00:00', 5),
(15, 1, 'WIX1002', 'Fundamentals of Programming', 'T1', 'Thursday', '{\"dow\":\"4\",\"start\":\"2022-01-06\",\"end\":\"2022-03-14\"}', '09:00:00', '12:00:00', 6),
(16, 1, 'WIX1002', 'Fundamentals of Programming', 'T2', 'Thursday', '{\"dow\":\"4\",\"start\":\"2022-01-06\",\"end\":\"2022-03-14\"}', '09:00:00', '12:00:00', 6),
(17, 1, 'WIX1002', 'Fundamentals of Programming', 'T3', 'Friday', '{\"dow\":\"5\",\"start\":\"2022-01-07\",\"end\":\"2022-03-15\"}', '09:00:00', '12:00:00', 7),
(18, 1, 'WIX1002', 'Fundamentals of Programming', 'T4', 'Thursday', '{\"dow\":\"4\",\"start\":\"2022-01-06\",\"end\":\"2022-03-14\"}', '09:00:00', '12:00:00', 7),
(19, 1, 'WIX1002', 'Fundamentals of Programming', 'T5', 'Thursday', '{\"dow\":\"4\",\"start\":\"2022-01-06\",\"end\":\"2022-03-14\"}', '09:00:00', '12:00:00', 8),
(20, 1, 'WIX1002', 'Fundamentals of Programming', 'T6', 'Friday', '{\"dow\":\"5\",\"start\":\"2022-01-07\",\"end\":\"2022-03-15\"}', '09:00:00', '12:00:00', 8),
(21, 1, 'WIX1002', 'Fundamentals of Programming', 'T7', 'Thursday', '{\"dow\":\"4\",\"start\":\"2022-01-06\",\"end\":\"2022-03-14\"}', '09:00:00', '12:00:00', 9),
(22, 1, 'WIX1002', 'Fundamentals of Programming', 'T8', 'Thursday', '{\"dow\":\"4\",\"start\":\"2022-01-06\",\"end\":\"2022-03-14\"}', '09:00:00', '12:00:00', 9),
(23, 1, 'WIX1003', 'Computer System & Organization', 'K1', 'Wednesday', '{\"dow\":\"3\",\"start\":\"2022-01-05\",\"end\":\"2022-03-13\"}', '09:00:00', '11:00:00', 4),
(24, 1, 'WIX1003', 'Computer System & Organization', 'K2', 'Wednesday', '{\"dow\":\"3\",\"start\":\"2022-01-05\",\"end\":\"2022-03-13\"}', '09:00:00', '11:00:00', 5),
(25, 1, 'WIX1003', 'Computer System & Organization', 'T1', 'Thursday', '{\"dow\":\"4\",\"start\":\"2022-01-06\",\"end\":\"2022-03-14\"}', '12:00:00', '13:00:00', 6),
(26, 1, 'WIX1003', 'Computer System & Organization', 'T2', 'Thursday', '{\"dow\":\"4\",\"start\":\"2022-01-06\",\"end\":\"2022-03-14\"}', '13:00:00', '14:00:00', 6),
(27, 1, 'WIX1003', 'Computer System & Organization', 'T3', 'Thursday', '{\"dow\":\"4\",\"start\":\"2022-01-06\",\"end\":\"2022-03-14\"}', '12:00:00', '13:00:00', 7),
(28, 1, 'WIX1003', 'Computer System & Organization', 'T4', 'Thursday', '{\"dow\":\"4\",\"start\":\"2022-01-06\",\"end\":\"2022-03-14\"}', '13:00:00', '14:00:00', 7),
(29, 1, 'WIX1003', 'Computer System & Organization', 'T5', 'Thursday', '{\"dow\":\"4\",\"start\":\"2022-01-06\",\"end\":\"2022-03-14\"}', '13:00:00', '14:00:00', 8),
(30, 1, 'WIX1003', 'Computer System & Organization', 'T6', 'Thursday', '{\"dow\":\"4\",\"start\":\"2022-01-06\",\"end\":\"2022-03-14\"}', '15:00:00', '16:00:00', 8),
(31, 1, 'WIX1003', 'Computer System & Organization', 'T7', 'Thursday', '{\"dow\":\"4\",\"start\":\"2022-01-06\",\"end\":\"2022-03-14\"}', '13:00:00', '14:00:00', 9),
(32, 1, 'WIX1003', 'Computer System & Organization', 'T8', 'Thursday', '{\"dow\":\"4\",\"start\":\"2022-01-06\",\"end\":\"2022-03-14\"}', '14:00:00', '15:00:00', 9),
(33, 1, 'WIX1003', 'Computer System & Organization', 'T9', 'Friday', '{\"dow\":\"5\",\"start\":\"2022-01-07\",\"end\":\"2022-03-15\"}', '11:00:00', '12:00:00', 10),
(34, 1, 'WIX1003', 'Computer System & Organization', 'T10', 'Thursday', '{\"dow\":\"4\",\"start\":\"2022-01-06\",\"end\":\"2022-03-14\"}', '15:00:00', '16:00:00', 10),
(35, 1, 'WIX1003', 'Computer System & Organization', 'T11', 'Thursday', '{\"dow\":\"4\",\"start\":\"2022-01-06\",\"end\":\"2022-03-14\"}', '14:00:00', '15:00:00', 10),
(36, 1, 'WIX2001', 'Thinking and Communication Skills', 'G1', 'Thursday', '{\"dow\":\"4\",\"start\":\"2022-01-06\",\"end\":\"2022-03-14\"}', '10:00:00', '13:00:00', 6),
(37, 1, 'WIX2001', 'Thinking and Communication Skills', 'G2', 'Thursday', '{\"dow\":\"4\",\"start\":\"2022-01-06\",\"end\":\"2022-03-14\"}', '10:00:00', '13:00:00', 6),
(38, 1, 'WIX2001', 'Thinking and Communication Skills', 'G3', 'Thursday', '{\"dow\":\"4\",\"start\":\"2022-01-06\",\"end\":\"2022-03-14\"}', '10:00:00', '13:00:00', 7),
(39, 1, 'WIX2001', 'Thinking and Communication Skills', 'G4', 'Thursday', '{\"dow\":\"4\",\"start\":\"2022-01-06\",\"end\":\"2022-03-14\"}', '10:00:00', '13:00:00', 7),
(40, 1, 'WIX2001', 'Thinking and Communication Skills', 'G5', 'Thursday', '{\"dow\":\"4\",\"start\":\"2022-01-06\",\"end\":\"2022-03-14\"}', '10:00:00', '13:00:00', 8),
(41, 1, 'WIX2001', 'Thinking and Communication Skills', 'G6', 'Thursday', '{\"dow\":\"4\",\"start\":\"2022-01-06\",\"end\":\"2022-03-14\"}', '10:00:00', '13:00:00', 8),
(42, 1, 'WIX2001', 'Thinking and Communication Skills', 'G7', 'Wednesday', '{\"dow\":\"3\",\"start\":\"2022-01-05\",\"end\":\"2022-03-13\"}', '09:00:00', '12:00:00', 9),
(43, 1, 'WIX2001', 'Thinking and Communication Skills', 'G8', 'Wednesday', '{\"dow\":\"3\",\"start\":\"2022-01-05\",\"end\":\"2022-03-13\"}', '09:00:00', '12:00:00', 9),
(44, 1, 'WIX2001', 'Thinking and Communication Skills', 'G9', 'Wednesday', '{\"dow\":\"3\",\"start\":\"2022-01-05\",\"end\":\"2022-03-13\"}', '09:00:00', '12:00:00', 10),
(45, 1, 'WIX2002', 'Project Management', 'K1', 'Monday', '{\"dow\":\"1\",\"start\":\"2022-01-03\",\"end\":\"2022-03-11\"}', '09:00:00', '11:00:00', 4),
(46, 1, 'WIX2002', 'Project Management', 'K2', 'Monday', '{\"dow\":\"1\",\"start\":\"2022-01-03\",\"end\":\"2022-03-11\"}', '09:00:00', '11:00:00', 4),
(47, 1, 'WIX2002', 'Project Management', 'K3', 'Monday', '{\"dow\":\"1\",\"start\":\"2022-01-03\",\"end\":\"2022-03-11\"}', '16:00:00', '18:00:00', 5),
(48, 1, 'WIX2002', 'Project Management', 'T1', 'Wednesday', '{\"dow\":\"3\",\"start\":\"2022-01-05\",\"end\":\"2022-03-13\"}', '16:00:00', '17:00:00', 6),
(49, 1, 'WIX2002', 'Project Management', 'T2', 'Wednesday', '{\"dow\":\"3\",\"start\":\"2022-01-05\",\"end\":\"2022-03-13\"}', '16:00:00', '17:00:00', 6),
(50, 1, 'WIX2002', 'Project Management', 'T3', 'Wednesday', '{\"dow\":\"3\",\"start\":\"2022-01-05\",\"end\":\"2022-03-13\"}', '16:00:00', '17:00:00', 7),
(51, 1, 'WIX2002', 'Project Management', 'T4', 'Wednesday', '{\"dow\":\"3\",\"start\":\"2022-01-05\",\"end\":\"2022-03-13\"}', '17:00:00', '18:00:00', 8),
(52, 1, 'WIX2002', 'Project Management', 'T5', 'Wednesday', '{\"dow\":\"3\",\"start\":\"2022-01-05\",\"end\":\"2022-03-13\"}', '17:00:00', '18:00:00', 9),
(53, 1, 'WIX2002', 'Project Management', 'T6', 'Wednesday', '{\"dow\":\"3\",\"start\":\"2022-01-05\",\"end\":\"2022-03-13\"}', '17:00:00', '18:00:00', 10),
(54, 2, 'WIA1001', 'Information System', 'K', 'Tuesday', '{\"dow\":\"2\",\"start\":\"2022-01-04\",\"end\":\"2022-03-12\"}', '13:00:00', '15:00:00', 14),
(55, 2, 'WIA1001', 'Information System', 'T1', 'Thursday', '{\"dow\":\"4\",\"start\":\"2022-01-06\",\"end\":\"2022-03-14\"}', '15:00:00', '16:00:00', 6),
(56, 2, 'WIA1001', 'Information System', 'T2', 'Thursday', '{\"dow\":\"4\",\"start\":\"2022-01-06\",\"end\":\"2022-03-14\"}', '16:00:00', '17:00:00', 7),
(57, 2, 'WIA1002', 'Data Structure', 'K', 'Monday', '{\"dow\":\"1\",\"start\":\"2022-01-03\",\"end\":\"2022-03-11\"}', '09:00:00', '11:00:00', 5),
(58, 2, 'WIA1002', 'Data Structure', 'T', 'Thursday', '{\"dow\":\"4\",\"start\":\"2022-01-06\",\"end\":\"2022-03-14\"}', '09:00:00', '12:00:00', 11),
(59, 2, 'WIA1003', 'Computer System Architecture', 'K', 'Wednesday', '{\"dow\":\"3\",\"start\":\"2022-01-05\",\"end\":\"2022-03-13\"}', '09:00:00', '11:00:00', 5),
(60, 2, 'WIA1003', 'Computer System Architecture', 'T', 'Wednesday', '{\"dow\":\"3\",\"start\":\"2022-01-05\",\"end\":\"2022-03-13\"}', '11:00:00', '12:00:00', 12),
(61, 2, 'WIA1004', 'Fundamentals of AI', 'K', 'Friday', '{\"dow\":\"5\",\"start\":\"2022-01-07\",\"end\":\"2022-03-15\"}', '09:00:00', '12:00:00', 4),
(62, 2, 'WIA1005', 'Network Technology Foundation', 'K', 'Tuesday', '{\"dow\":\"2\",\"start\":\"2022-01-04\",\"end\":\"2022-03-12\"}', '15:00:00', '17:00:00', 5),
(63, 2, 'WIA1005', 'Network Technology Foundation', 'T', 'Thursday', '{\"dow\":\"4\",\"start\":\"2022-01-06\",\"end\":\"2022-03-14\"}', '12:00:00', '14:00:00', 3),
(64, 2, 'WIA1007', 'Introduction to Data Science', 'K', 'Tuesday', '{\"dow\":\"2\",\"start\":\"2022-01-04\",\"end\":\"2022-03-12\"}', '13:00:00', '15:00:00', 5),
(65, 2, 'WIA1007', 'Introduction to Data Science', 'T1', 'Thursday', '{\"dow\":\"4\",\"start\":\"2022-01-06\",\"end\":\"2022-03-14\"}', '15:00:00', '16:00:00', 6),
(66, 2, 'WIA1007', 'Introduction to Data Science', 'T2', 'Thursday', '{\"dow\":\"4\",\"start\":\"2022-01-06\",\"end\":\"2022-03-14\"}', '16:00:00', '17:00:00', 7),
(67, 2, 'WIA1008', 'Fundamental of Multimedia', 'K', 'Wednesday', '{\"dow\":\"3\",\"start\":\"2022-01-05\",\"end\":\"2022-03-13\"}', '15:00:00', '18:00:00', 1),
(68, 2, 'WIA2001', 'Database', 'K1', 'Monday', '{\"dow\":\"1\",\"start\":\"2022-01-03\",\"end\":\"2022-03-11\"}', '14:00:00', '16:00:00', 4),
(69, 2, 'WIA2001', 'Database', 'K2', 'Monday', '{\"dow\":\"1\",\"start\":\"2022-01-03\",\"end\":\"2022-03-11\"}', '14:00:00', '16:00:00', 4),
(70, 2, 'WIA2001', 'Database', 'K3', 'Monday', '{\"dow\":\"1\",\"start\":\"2022-01-03\",\"end\":\"2022-03-11\"}', '14:00:00', '16:00:00', 5),
(71, 2, 'WIA2001', 'Database', 'T1', 'Wednesday', '{\"dow\":\"3\",\"start\":\"2022-01-05\",\"end\":\"2022-03-13\"}', '12:00:00', '13:00:00', 11),
(72, 2, 'WIA2001', 'Database', 'T2', 'Wednesday', '{\"dow\":\"3\",\"start\":\"2022-01-05\",\"end\":\"2022-03-13\"}', '12:00:00', '13:00:00', 11),
(73, 2, 'WIA2001', 'Database', 'T3', 'Wednesday', '{\"dow\":\"3\",\"start\":\"2022-01-05\",\"end\":\"2022-03-13\"}', '12:00:00', '13:00:00', 12),
(74, 2, 'WIA2001', 'Database', 'T4', 'Wednesday', '{\"dow\":\"3\",\"start\":\"2022-01-05\",\"end\":\"2022-03-13\"}', '13:00:00', '14:00:00', 12),
(75, 2, 'WIA2001', 'Database', 'T5', 'Wednesday', '{\"dow\":\"3\",\"start\":\"2022-01-05\",\"end\":\"2022-03-13\"}', '13:00:00', '14:00:00', 13),
(76, 2, 'WIA2001', 'Database', 'T6', 'Wednesday', '{\"dow\":\"3\",\"start\":\"2022-01-05\",\"end\":\"2022-03-13\"}', '13:00:00', '14:00:00', 13),
(77, 2, 'WIA2002', 'Software Modelling', 'K1', 'Monday', '{\"dow\":\"1\",\"start\":\"2022-01-03\",\"end\":\"2022-03-11\"}', '11:00:00', '13:00:00', 4),
(78, 2, 'WIA2002', 'Software Modelling', 'K2', 'Monday', '{\"dow\":\"1\",\"start\":\"2022-01-03\",\"end\":\"2022-03-11\"}', '11:00:00', '13:00:00', 4),
(79, 2, 'WIA2002', 'Software Modelling', 'K3', 'Monday', '{\"dow\":\"1\",\"start\":\"2022-01-03\",\"end\":\"2022-03-11\"}', '11:00:00', '13:00:00', 5),
(80, 2, 'WIA2002', 'Software Modelling', 'T1', 'Thursday', '{\"dow\":\"4\",\"start\":\"2022-01-06\",\"end\":\"2022-03-14\"}', '14:00:00', '15:00:00', 11),
(81, 2, 'WIA2002', 'Software Modelling', 'T2', 'Thursday', '{\"dow\":\"4\",\"start\":\"2022-01-06\",\"end\":\"2022-03-14\"}', '13:00:00', '14:00:00', 11),
(82, 2, 'WIA2002', 'Software Modelling', 'T3', 'Thursday', '{\"dow\":\"4\",\"start\":\"2022-01-06\",\"end\":\"2022-03-14\"}', '14:00:00', '15:00:00', 12),
(83, 2, 'WIA2002', 'Software Modelling', 'T4', 'Thursday', '{\"dow\":\"4\",\"start\":\"2022-01-06\",\"end\":\"2022-03-14\"}', '15:00:00', '16:00:00', 12),
(84, 2, 'WIA2002', 'Software Modelling', 'T5', 'Thursday', '{\"dow\":\"4\",\"start\":\"2022-01-06\",\"end\":\"2022-03-14\"}', '14:00:00', '15:00:00', 13),
(85, 2, 'WIA2002', 'Software Modelling', 'T6', 'Thursday', '{\"dow\":\"4\",\"start\":\"2022-01-06\",\"end\":\"2022-03-14\"}', '15:00:00', '16:00:00', 13),
(86, 2, 'WIB2002', 'Interactive Design', 'K', 'Monday', '{\"dow\":\"1\",\"start\":\"2022-01-03\",\"end\":\"2022-03-11\"}', '11:00:00', '13:00:00', 5),
(87, 2, 'WIB2002', 'Interactive Design', 'T', 'Thursday', '{\"dow\":\"4\",\"start\":\"2022-01-06\",\"end\":\"2022-03-14\"}', '14:00:00', '15:00:00', 2),
(88, 2, 'WIA2003', 'Probability & Statistics', 'K1', 'Wednesday', '{\"dow\":\"3\",\"start\":\"2022-01-05\",\"end\":\"2022-03-13\"}', '14:00:00', '16:00:00', 4),
(89, 2, 'WIA2003', 'Probability & Statistics', 'K2', 'Wednesday', '{\"dow\":\"3\",\"start\":\"2022-01-05\",\"end\":\"2022-03-13\"}', '14:00:00', '16:00:00', 4),
(90, 2, 'WIA2003', 'Probability & Statistics', 'K3', 'Wednesday', '{\"dow\":\"3\",\"start\":\"2022-01-05\",\"end\":\"2022-03-13\"}', '14:00:00', '16:00:00', 5),
(91, 2, 'WIA2003', 'Probability & Statistics', 'T1', 'Friday', '{\"dow\":\"5\",\"start\":\"2022-01-07\",\"end\":\"2022-03-15\"}', '15:00:00', '16:00:00', 11),
(92, 2, 'WIA2003', 'Probability & Statistics', 'T2', 'Friday', '{\"dow\":\"5\",\"start\":\"2022-01-07\",\"end\":\"2022-03-15\"}', '15:00:00', '16:00:00', 11),
(93, 2, 'WIA2003', 'Probability & Statistics', 'T3', 'Friday', '{\"dow\":\"5\",\"start\":\"2022-01-07\",\"end\":\"2022-03-15\"}', '15:00:00', '16:00:00', 12),
(94, 2, 'WIA2003', 'Probability & Statistics', 'T4', 'Friday', '{\"dow\":\"5\",\"start\":\"2022-01-07\",\"end\":\"2022-03-15\"}', '16:00:00', '17:00:00', 12),
(95, 2, 'WIA2003', 'Probability & Statistics', 'T5', 'Friday', '{\"dow\":\"5\",\"start\":\"2022-01-07\",\"end\":\"2022-03-15\"}', '16:00:00', '17:00:00', 13),
(96, 2, 'WIA2003', 'Probability & Statistics', 'T6', 'Friday', '{\"dow\":\"5\",\"start\":\"2022-01-07\",\"end\":\"2022-03-15\"}', '16:00:00', '17:00:00', 13),
(97, 2, 'WIA2004 ', 'Operating System', 'K', 'Tuesday', '{\"dow\":\"2\",\"start\":\"2022-01-04\",\"end\":\"2022-03-12\"}', '15:00:00', '17:00:00', 5),
(98, 2, 'WIA2004 ', 'Operating System', 'T', 'Thursday', '{\"dow\":\"4\",\"start\":\"2022-01-06\",\"end\":\"2022-03-14\"}', '16:00:00', '18:00:00', 2),
(99, 2, 'WIA2010', 'Human Computer Interaction', 'K', 'Tuesday', '{\"dow\":\"2\",\"start\":\"2021-10-01\",\"end\":\"2022-01-31\"}', '13:00:00', '15:00:00', 1),
(100, 2, 'WIA2010', 'Human Computer Interaction', 'T1', 'Thursday', '{\"dow\":\"4\",\"start\":\"2022-01-06\",\"end\":\"2022-03-14\"}', '15:00:00', '16:00:00', 12),
(101, 2, 'WIA2010', 'Human Computer Interaction', 'T2', 'Thursday', '{\"dow\":\"4\",\"start\":\"2022-01-06\",\"end\":\"2022-03-14\"}', '16:00:00', '17:00:00', 13),
(102, 3, 'WIX3002', 'Social Informatics', 'K', 'Tuesday', '{\"dow\":\"2\",\"start\":\"2022-01-04\",\"end\":\"2022-03-12\"}', '13:00:00', '15:00:00', 14),
(103, 3, 'WIX3002', 'Social Informatics', 'T1', 'Thursday', '{\"dow\":\"4\",\"start\":\"2022-01-06\",\"end\":\"2022-03-14\"}', '12:00:00', '13:00:00', 12),
(104, 3, 'WIX3002', 'Social Informatics', 'T2', 'Thursday', '{\"dow\":\"4\",\"start\":\"2022-01-06\",\"end\":\"2022-03-14\"}', '13:00:00', '14:00:00', 13),
(105, 3, 'WIX3003', 'Information Security Management and Ethics', 'K', 'Monday', '{\"dow\":\"1\",\"start\":\"2022-01-03\",\"end\":\"2022-03-11\"}', '11:00:00', '13:00:00', 5),
(106, 3, 'WIX3003', 'Information Security Management and Ethics', 'T1', 'Wednesday', '{\"dow\":\"3\",\"start\":\"2022-01-05\",\"end\":\"2022-03-13\"}', '12:00:00', '13:00:00', 12),
(107, 3, 'WIX3003', 'Information Security Management and Ethics', 'T2', 'Wednesday', '{\"dow\":\"3\",\"start\":\"2022-01-05\",\"end\":\"2022-03-13\"}', '13:00:00', '14:00:00', 13),
(108, 3, 'WIX3004', 'Mobile Application Development', 'K', 'Wednesday', '{\"dow\":\"3\",\"start\":\"2022-01-05\",\"end\":\"2022-03-13\"}', '14:00:00', '16:00:00', 5),
(109, 3, 'WIX3004', 'Mobile Application Development', 'T1', 'Thursday', '{\"dow\":\"4\",\"start\":\"2022-01-06\",\"end\":\"2022-03-14\"}', '09:00:00', '10:00:00', 6),
(110, 3, 'WIX3004', 'Mobile Application Development', 'T2', 'Thursday', '{\"dow\":\"4\",\"start\":\"2022-01-06\",\"end\":\"2022-03-14\"}', '10:00:00', '11:00:00', 7),
(111, 3, 'WIX3004', 'Mobile Application Development', 'T3', 'Thursday', '{\"dow\":\"4\",\"start\":\"2022-01-06\",\"end\":\"2022-03-14\"}', '14:00:00', '15:00:00', 8),
(112, 3, 'WIX3004', 'Mobile Application Development', 'T4', 'Thursday', '{\"dow\":\"4\",\"start\":\"2022-01-06\",\"end\":\"2022-03-14\"}', '15:00:00', '16:00:00', 9),
(113, 4, 'WIC3007', 'Principle of Distributed Systems', 'K', 'Wednesday', '{\"dow\":\"3\",\"start\":\"2022-01-05\",\"end\":\"2022-03-13\"}', '16:00:00', '18:00:00', 14),
(114, 4, 'WIC3007', 'Principle of Distributed Systems', 'T', 'Thursday', '{\"dow\":\"4\",\"start\":\"2021-10-01\",\"end\":\"2022-01-31\"}', '16:00:00', '17:00:00', 1),
(115, 4, 'WID3007', 'Fuzzy Logic ', 'K', 'Tuesday', '{\"dow\":\"2\",\"start\":\"2022-01-04\",\"end\":\"2022-03-12\"}', '16:00:00', '18:00:00', 2),
(116, 4, 'WID3007', 'Fuzzy Logic ', 'T', 'Thursday', '{\"dow\":\"4\",\"start\":\"2022-01-06\",\"end\":\"2022-03-14\"}', '11:00:00', '12:00:00', 1),
(117, 4, 'WID3008 ', 'Image Processing', 'K', 'Monday', '{\"dow\":\"1\",\"start\":\"2022-01-03\",\"end\":\"2022-03-11\"}', '13:00:00', '15:00:00', 2),
(118, 4, 'WID3008 ', 'Image Processing', 'T', 'Wednesday', '{\"dow\":\"3\",\"start\":\"2022-01-05\",\"end\":\"2022-03-13\"}', '11:00:00', '12:00:00', 1),
(119, 4, 'WID3009 ', 'AI Intelligence Game Programming', 'K', 'Wednesday', '{\"dow\":\"3\",\"start\":\"2022-01-05\",\"end\":\"2022-03-13\"}', '16:00:00', '18:00:00', 2),
(120, 4, 'WID3009 ', 'AI Intelligence Game Programming', 'T', 'Friday', '{\"dow\":\"5\",\"start\":\"2022-01-07\",\"end\":\"2022-03-15\"}', '16:00:00', '17:00:00', 1),
(121, 4, 'WIE3001', 'Advanced Database', 'K', 'Monday', '{\"dow\":\"1\",\"start\":\"2022-01-03\",\"end\":\"2022-03-11\"}', '15:00:00', '18:00:00', 4),
(122, 4, 'WIE3006', 'Information System Auditing', 'K', 'Tuesday', '{\"dow\":\"2\",\"start\":\"2022-01-04\",\"end\":\"2022-03-12\"}', '10:00:00', '12:00:00', 5),
(123, 4, 'WIE3006', 'Information System Auditing', 'T', 'Thursday', '{\"dow\":\"4\",\"start\":\"2022-01-06\",\"end\":\"2022-03-14\"}', '12:00:00', '13:00:00', 1),
(124, 4, 'WIE3007', 'Data Mining & Warehousing', 'K', 'Wednesday', '{\"dow\":\"3\",\"start\":\"2022-01-05\",\"end\":\"2022-03-13\"}', '16:00:00', '18:00:00', 2),
(125, 4, 'WIE3007', 'Data Mining & Warehousing', 'T', 'Thursday', '{\"dow\":\"4\",\"start\":\"2022-01-06\",\"end\":\"2022-03-14\"}', '16:00:00', '17:00:00', 1),
(126, 4, 'WIE3008', 'Business Analytics & Intelligence', 'K', 'Wednesday', '{\"dow\":\"3\",\"start\":\"2022-01-05\",\"end\":\"2022-03-13\"}', '10:00:00', '13:00:00', 4),
(127, 4, 'WIE3010', 'Data Visualization', 'K', 'Monday', '{\"dow\":\"1\",\"start\":\"2022-01-03\",\"end\":\"2022-03-11\"}', '13:00:00', '15:00:00', 5),
(128, 4, 'WIE3010', 'Data Visualization', 'T', 'Thursday', '{\"dow\":\"4\",\"start\":\"2022-01-06\",\"end\":\"2022-03-14\"}', '17:00:00', '18:00:00', 1),
(129, 4, 'WIH3003', 'Big Data Applications and Analytics ', 'K', 'Tuesday', '{\"dow\":\"2\",\"start\":\"2022-01-04\",\"end\":\"2022-03-12\"}', '09:00:00', '12:00:00', 4),
(130, 4, 'WIF3005', 'Software Maintenance & Evolution', 'K', 'Tuesday', '{\"dow\":\"2\",\"start\":\"2022-01-04\",\"end\":\"2022-03-12\"}', '16:00:00', '18:00:00', 5),
(131, 4, 'WIF3005', 'Software Maintenance & Evolution', 'T1', 'Thursday', '{\"dow\":\"4\",\"start\":\"2022-01-06\",\"end\":\"2022-03-14\"}', '16:00:00', '17:00:00', 6),
(132, 4, 'WIF3005', 'Software Maintenance & Evolution', 'T2', 'Thursday', '{\"dow\":\"4\",\"start\":\"2022-01-06\",\"end\":\"2022-03-14\"}', '17:00:00', '18:00:00', 7),
(133, 4, 'WIF3006', 'Component-Based Software Engineering', 'K', 'Wednesday', '{\"dow\":\"3\",\"start\":\"2022-01-05\",\"end\":\"2022-03-13\"}', '09:00:00', '12:00:00', 4),
(134, 4, 'WIF3007 ', 'Design Patterns', 'K', 'Tuesday', '{\"dow\":\"2\",\"start\":\"2022-01-04\",\"end\":\"2022-03-12\"}', '10:00:00', '12:00:00', 5),
(135, 4, 'WIF3007 ', 'Design Patterns', 'T1', 'Thursday', '{\"dow\":\"4\",\"start\":\"2022-01-06\",\"end\":\"2022-03-14\"}', '12:00:00', '13:00:00', 8),
(136, 4, 'WIF3007 ', 'Design Patterns', 'T2', 'Thursday', '{\"dow\":\"4\",\"start\":\"2022-01-06\",\"end\":\"2022-03-14\"}', '15:00:00', '16:00:00', 9),
(137, 4, 'WIF3008', 'Real Time Systems', 'K', 'Monday', '{\"dow\":\"1\",\"start\":\"2022-01-03\",\"end\":\"2022-03-11\"}', '09:00:00', '11:00:00', 2),
(138, 4, 'WIF3008', 'Real Time Systems', 'T1', 'Wednesday', '{\"dow\":\"3\",\"start\":\"2022-01-05\",\"end\":\"2022-03-13\"}', '12:00:00', '13:00:00', 12),
(139, 4, 'WIF3008', 'Real Time Systems', 'T2', 'Wednesday', '{\"dow\":\"3\",\"start\":\"2022-01-05\",\"end\":\"2022-03-13\"}', '13:00:00', '14:00:00', 13),
(140, 4, 'WIG3003', 'Multimedia Programming', 'K', 'Tuesday', '{\"dow\":\"2\",\"start\":\"2022-01-04\",\"end\":\"2022-03-12\"}', '09:00:00', '11:00:00', 4),
(141, 4, 'WIG3003', 'Multimedia Programming', 'T', 'Thursday', '{\"dow\":\"4\",\"start\":\"2022-01-06\",\"end\":\"2022-03-14\"}', '11:00:00', '12:00:00', 6),
(142, 4, 'WIF3006', 'Digital Video Processing', 'K', 'Wednesday', '{\"dow\":\"3\",\"start\":\"2022-01-05\",\"end\":\"2022-03-13\"}', '16:00:00', '18:00:00', 5),
(143, 4, 'WIF3006', 'Digital Video Processing', 'T', 'Friday', '{\"dow\":\"5\",\"start\":\"2022-01-07\",\"end\":\"2022-03-15\"}', '11:00:00', '12:00:00', 7),
(144, 4, 'WIF3007 ', 'Special Topics in Multimedia', 'K', 'Tuesday', '{\"dow\":\"2\",\"start\":\"2022-01-04\",\"end\":\"2022-03-12\"}', '15:00:00', '18:00:00', 2),
(145, 4, 'WIG3008', 'Multimedia Forensics & Security', ' K', 'Monday', '{\"dow\":\"1\",\"start\":\"2022-01-03\",\"end\":\"2022-03-11\"}', '15:00:00', '18:00:00', 2);

-- --------------------------------------------------------

--
-- Table structure for table `feedback`
--

CREATE TABLE `feedback` (
  `id` int(10) NOT NULL,
  `student_uname` varchar(15) NOT NULL,
  `lecturer_uname` varchar(100) NOT NULL,
  `lecturer_name` varchar(100) NOT NULL,
  `course_name` varchar(250) NOT NULL,
  `course_code` varchar(100) NOT NULL,
  `course_occurence` varchar(250) NOT NULL,
  `rating` int(10) NOT NULL,
  `subject` varchar(100) NOT NULL,
  `feedback` varchar(1000) NOT NULL,
  `date` varchar(15) NOT NULL
) ENGINE=InnoDB DEFAULT CHARSET=utf8mb4;

--
-- Dumping data for table `feedback`
--

INSERT INTO `feedback` (`id`, `student_uname`, `lecturer_uname`, `lecturer_name`, `course_name`, `course_code`, `course_occurence`, `rating`, `subject`, `feedback`, `date`) VALUES
(182, 'wif180001', '17122291', 'Dr.HAZRINA BINTI SOFIAN', 'Computing Mathematics', 'WIX1001', 'T1', 5, 'Super', '<p>Cool</p>', '09-Dec-2021');

-- --------------------------------------------------------

--
-- Table structure for table `geolocation`
--

CREATE TABLE `geolocation` (
  `location_ID` int(10) NOT NULL,
  `location_name` text NOT NULL,
  `location_lat` double NOT NULL,
  `location_long` double NOT NULL
) ENGINE=InnoDB DEFAULT CHARSET=utf8mb4;

--
-- Dumping data for table `geolocation`
--

INSERT INTO `geolocation` (`location_ID`, `location_name`, `location_lat`, `location_long`) VALUES
(1, 'Cube', 3.12807, 101.65077),
(2, 'Theatre Room', 3.12819, 101.65051),
(3, 'CCNA Lab', 3.12804, 101.65075),
(4, 'Lecture Hall 1', 3.12831, 101.65016),
(5, 'Lecture Hall 2', 3.12862, 101.65016),
(6, 'Tutorial Room 1', 3.12825, 101.64992),
(7, 'Tutorial Room 2', 3.12826, 101.64986),
(8, 'Tutorial Room 3', 3.12831, 101.64985),
(9, 'Tutorial Room 4', 3.12836, 101.64984),
(10, 'Tutorial Room 5', 3.12841, 101.64983),
(11, 'Micro Lab 3', 3.12854, 101.65033),
(12, 'Micro Lab 5', 3.12859, 101.65026),
(13, 'Micro Lab 6', 3.12861, 101.65019),
(14, 'Home', 2.99162, 101.629936);

-- --------------------------------------------------------

--
-- Table structure for table `lecturer_course`
--

CREATE TABLE `lecturer_course` (
  `subject_id` int(30) NOT NULL,
  `lecturer_id` int(10) NOT NULL,
  `acc_uname` varchar(30) NOT NULL,
  `CourseCode` varchar(200) NOT NULL,
  `CourseName` text NOT NULL,
  `ClassDetail` text NOT NULL,
  `ClassDay` text NOT NULL,
  `ClassDate` text NOT NULL,
  `StartTime` time NOT NULL,
  `EndTime` time NOT NULL,
  `location_ID` int(10) NOT NULL,
  `is_repeating` int(30) NOT NULL
) ENGINE=InnoDB DEFAULT CHARSET=utf8mb4;

--
-- Dumping data for table `lecturer_course`
--

INSERT INTO `lecturer_course` (`subject_id`, `lecturer_id`, `acc_uname`, `CourseCode`, `CourseName`, `ClassDetail`, `ClassDay`, `ClassDate`, `StartTime`, `EndTime`, `location_ID`, `is_repeating`) VALUES
(1, 7, '17122295', 'WIX1001', 'Computing Mathematics', 'K1', 'Monday', '{\"dow\":\"1\",\"start\":\"2022-01-03\",\"end\":\"2022-03-11\"}', '16:00:00', '18:00:00', 14, 1),
(4, 3, '17122291', 'WIX1001', 'Computing Mathematics', 'T1', 'Wednesday', '{\"dow\":\"3\",\"start\":\"2022-01-05\",\"end\":\"2022-03-13\"}', '12:00:00', '13:00:00', 6, 1),
(57, 3, '17122291', 'WIA1002', 'Data Structure', 'K', 'Monday', '{\"dow\":\"1\",\"start\":\"2022-01-03\",\"end\":\"2022-03-11\"}', '09:00:00', '11:00:00', 5, 1),
(58, 3, '17122291', 'WIA1002', 'Data Structure', 'T', 'Thursday', '{\"dow\":\"4\",\"start\":\"2022-01-06\",\"end\":\"2022-03-14\"}', '09:00:00', '12:00:00', 11, 1);

-- --------------------------------------------------------

--
-- Table structure for table `lecturer_profile`
--

CREATE TABLE `lecturer_profile` (
  `acc_uname` varchar(15) NOT NULL,
  `acc_fullname` varchar(100) NOT NULL,
  `acc_email` varchar(100) NOT NULL,
  `profile_pic` varchar(100) NOT NULL,
  `department` varchar(40) NOT NULL,
  `notes` varchar(100) DEFAULT NULL,
  `mobile` varchar(15) NOT NULL,
  `mobile_office` varchar(15) NOT NULL,
  `location` varchar(100) NOT NULL
) ENGINE=InnoDB DEFAULT CHARSET=utf8mb4;

--
-- Dumping data for table `lecturer_profile`
--

INSERT INTO `lecturer_profile` (`acc_uname`, `acc_fullname`, `acc_email`, `profile_pic`, `department`, `notes`, `mobile`, `mobile_office`, `location`) VALUES
('17122291', 'Dr.HAZRINA BINTI SOFIAN', 'hazrina@um.edu.my', '17122291_hazrina.JPG', 'Software Engineering', 'I love Teaching!', '0105684572', '0166302580', 'A21, Level 2, Block B, FSKTM'),
('17122292', 'Dr.CHIEW THIAM KIAN', 'tkchiew@um.edu.my', '17122292_tkchiew.jfif', 'Software Engineering', 'I Love Teaching!', '0379676363', '0379676363', 'A2, Level 2, Block B, FSKTM, UM'),
('17122293', 'Dr.HEMA A/P SUBRAMANIAM', 'hema@um.edu.my', '17122293_hema.jfif', 'Software Engineering', 'I Love Teaching!', '', '', 'A3, Level 2, Block B, FSKTM, UM'),
('17122294', 'Dr.AZNUL QALID BIN MD SABRI', 'aznulqalid@um.edu.my', '17122294_aznulqalid.jfif', 'Artificial Intelligence', 'I Love Teaching!', '0379676308', '0379676308', 'A4, Level 2, Block B, FSKTM, UM'),
('17122295', 'Dr.ERMA RAHAYU BINTI MOHD FAIZAL ABDULLAH', 'erma@um.edu.my', '17122295_erma.jfif', 'Artificial Intelligence', 'I Love Teaching!', '0379672516', '0379672516', 'A5, Level 2, Block B, FSKTM, UM'),
('17122296', 'Dr.NORJIHAN BINTI ABDUL GHANI', 'norjihan@um.edu.my', '17122296_norjihan.jfif', 'Information System', 'I Love Teaching!', '0379676351', '0379676351', 'A6, Level 2, Block B, FSKTM, UM'),
('17122297', 'Dr.NOR BADRUL ANUAR BIN JUMA\'AT', 'badrul@um.edu.my', '17122297_badrul.jfif', 'Computer System and Network', 'I Love Teaching!', '0379676436', '0379676436', 'A7, Level 2, Block B, FSKTM, UM'),
('17122298', 'Dr.AINUDDIN WAHID BIN ABDUL WAHAB', 'ainuddin@um.edu.my', '17122298_ainuddin.jfif', 'Multimedia', 'I Love Teaching!', '0379676383', '0379676383', 'A8, Level 2, Block B, FSKTM, UM');

-- --------------------------------------------------------

--
-- Table structure for table `response`
--

CREATE TABLE `response` (
  `student_id` int(11) NOT NULL,
  `courseid` int(11) NOT NULL,
  `student_uname` varchar(50) NOT NULL,
  `student_name` varchar(100) NOT NULL,
  `status` tinyint(1) NOT NULL,
  `message` text NOT NULL,
  `files` varchar(1000) NOT NULL
) ENGINE=InnoDB DEFAULT CHARSET=utf8mb4;

--
-- Dumping data for table `response`
--

INSERT INTO `response` (`student_id`, `courseid`, `student_uname`, `student_name`, `status`, `message`, `files`) VALUES
(11, 4, 'wif180001', 'SHANMUGASUNDRAN A/L RAMACHANDRAN', 0, 0, 'wif180001Absence Letter.jpg');

-- --------------------------------------------------------

--
-- Table structure for table `student_course`
--

CREATE TABLE `student_course` (
  `subject_id` int(30) NOT NULL,
  `student_id` int(10) NOT NULL,
  `acc_uname` varchar(30) NOT NULL,
  `CourseCode` varchar(200) NOT NULL,
  `CourseName` text NOT NULL,
  `ClassDetail` text NOT NULL,
  `ClassDay` text NOT NULL,
  `ClassDate` text NOT NULL,
  `StartTime` time NOT NULL,
  `EndTime` time NOT NULL,
  `lecturer_id` int(10) NOT NULL,
  `location_ID` int(10) NOT NULL,
  `is_repeating` int(30) NOT NULL
) ENGINE=InnoDB DEFAULT CHARSET=utf8mb4;

--
-- Dumping data for table `student_course`
--

INSERT INTO `student_course` (`subject_id`, `student_id`, `acc_uname`, `CourseCode`, `CourseName`, `ClassDetail`, `ClassDay`, `ClassDate`, `StartTime`, `EndTime`, `lecturer_id`, `location_ID`, `is_repeating`) VALUES
(1, 11, 'wif180001', 'WIX1001', 'Computing Mathematics', 'K1', 'Monday', '{\"dow\":\"1\",\"start\":\"2022-01-03\",\"end\":\"2022-03-11\"}', '16:00:00', '18:00:00', 7, 14, 1),
(1, 12, 'wif180002', 'WIX1001', 'Computing Mathematics', 'K1', 'Monday', '{\"dow\":\"1\",\"start\":\"2022-01-03\",\"end\":\"2022-03-11\"}', '16:00:00', '18:00:00', 7, 14, 1),
(1, 13, 'wif180003', 'WIX1001', 'Computing Mathematics', 'K1', 'Monday', '{\"dow\":\"1\",\"start\":\"2022-01-03\",\"end\":\"2022-03-11\"}', '16:00:00', '18:00:00', 7, 14, 1),
(1, 14, 'wif180004', 'WIX1001', 'Computing Mathematics', 'K1', 'Monday', '{\"dow\":\"1\",\"start\":\"2022-01-03\",\"end\":\"2022-03-11\"}', '16:00:00', '18:00:00', 7, 14, 1),
(1, 15, 'wif180005', 'WIX1001', 'Computing Mathematics', 'K1', 'Monday', '{\"dow\":\"1\",\"start\":\"2022-01-03\",\"end\":\"2022-03-11\"}', '16:00:00', '18:00:00', 7, 14, 1),
(1, 16, 'wif180006', 'WIX1001', 'Computing Mathematics', 'K1', 'Monday', '{\"dow\":\"1\",\"start\":\"2022-01-03\",\"end\":\"2022-03-11\"}', '16:00:00', '18:00:00', 7, 14, 1),
(1, 17, 'wif180007', 'WIX1001', 'Computing Mathematics', 'K1', 'Monday', '{\"dow\":\"1\",\"start\":\"2022-01-03\",\"end\":\"2022-03-11\"}', '16:00:00', '18:00:00', 7, 14, 1),
(1, 18, 'wif180008', 'WIX1001', 'Computing Mathematics', 'K1', 'Monday', '{\"dow\":\"1\",\"start\":\"2022-01-03\",\"end\":\"2022-03-11\"}', '16:00:00', '18:00:00', 7, 14, 1),
(1, 19, 'wif180009', 'WIX1001', 'Computing Mathematics', 'K1', 'Monday', '{\"dow\":\"1\",\"start\":\"2022-01-03\",\"end\":\"2022-03-11\"}', '16:00:00', '18:00:00', 7, 14, 1),
(1, 20, 'wif180010', 'WIX1001', 'Computing Mathematics', 'K1', 'Monday', '{\"dow\":\"1\",\"start\":\"2022-01-03\",\"end\":\"2022-03-11\"}', '16:00:00', '18:00:00', 7, 14, 1),
(1, 21, 'wif180011', 'WIX1001', 'Computing Mathematics', 'K1', 'Monday', '{\"dow\":\"1\",\"start\":\"2022-01-03\",\"end\":\"2022-03-11\"}', '16:00:00', '18:00:00', 7, 14, 1),
(1, 22, 'wif180012', 'WIX1001', 'Computing Mathematics', 'K1', 'Monday', '{\"dow\":\"1\",\"start\":\"2022-01-03\",\"end\":\"2022-03-11\"}', '16:00:00', '18:00:00', 7, 14, 1),
(1, 23, 'wif180013', 'WIX1001', 'Computing Mathematics', 'K1', 'Monday', '{\"dow\":\"1\",\"start\":\"2022-01-03\",\"end\":\"2022-03-11\"}', '16:00:00', '18:00:00', 7, 14, 1),
(1, 24, 'wif180014', 'WIX1001', 'Computing Mathematics', 'K1', 'Monday', '{\"dow\":\"1\",\"start\":\"2022-01-03\",\"end\":\"2022-03-11\"}', '16:00:00', '18:00:00', 7, 14, 1),
(1, 25, 'wif180015', 'WIX1001', 'Computing Mathematics', 'K1', 'Monday', '{\"dow\":\"1\",\"start\":\"2022-01-03\",\"end\":\"2022-03-11\"}', '16:00:00', '18:00:00', 7, 14, 1),
(1, 26, 'wif180016', 'WIX1001', 'Computing Mathematics', 'K1', 'Monday', '{\"dow\":\"1\",\"start\":\"2022-01-03\",\"end\":\"2022-03-11\"}', '16:00:00', '18:00:00', 7, 14, 1),
(1, 27, 'wif180017', 'WIX1001', 'Computing Mathematics', 'K1', 'Monday', '{\"dow\":\"1\",\"start\":\"2022-01-03\",\"end\":\"2022-03-11\"}', '16:00:00', '18:00:00', 7, 14, 1),
(1, 28, 'wif180018', 'WIX1001', 'Computing Mathematics', 'K1', 'Monday', '{\"dow\":\"1\",\"start\":\"2022-01-03\",\"end\":\"2022-03-11\"}', '16:00:00', '18:00:00', 7, 14, 1),
(1, 29, 'wif180019', 'WIX1001', 'Computing Mathematics', 'K1', 'Monday', '{\"dow\":\"1\",\"start\":\"2022-01-03\",\"end\":\"2022-03-11\"}', '16:00:00', '18:00:00', 7, 14, 1),
(1, 30, 'wif180020', 'WIX1001', 'Computing Mathematics', 'K1', 'Monday', '{\"dow\":\"1\",\"start\":\"2022-01-03\",\"end\":\"2022-03-11\"}', '16:00:00', '18:00:00', 7, 14, 1),
(4, 11, 'wif180001', 'WIX1001', 'Computing Mathematics', 'T1', 'Wednesday', '{\"dow\":\"3\",\"start\":\"2022-01-05\",\"end\":\"2022-03-13\"}', '12:00:00', '13:00:00', 3, 6, 1),
(4, 12, 'wif180002', 'WIX1001', 'Computing Mathematics', 'T1', 'Wednesday', '{\"dow\":\"3\",\"start\":\"2022-01-05\",\"end\":\"2022-03-13\"}', '12:00:00', '13:00:00', 3, 6, 1),
(4, 13, 'wif180003', 'WIX1001', 'Computing Mathematics', 'T1', 'Wednesday', '{\"dow\":\"3\",\"start\":\"2022-01-05\",\"end\":\"2022-03-13\"}', '12:00:00', '13:00:00', 3, 6, 1),
(4, 14, 'wif180004', 'WIX1001', 'Computing Mathematics', 'T1', 'Wednesday', '{\"dow\":\"3\",\"start\":\"2022-01-05\",\"end\":\"2022-03-13\"}', '12:00:00', '13:00:00', 3, 6, 1),
(4, 15, 'wif180005', 'WIX1001', 'Computing Mathematics', 'T1', 'Wednesday', '{\"dow\":\"3\",\"start\":\"2022-01-05\",\"end\":\"2022-03-13\"}', '12:00:00', '13:00:00', 3, 6, 1),
(4, 16, 'wif180006', 'WIX1001', 'Computing Mathematics', 'T1', 'Wednesday', '{\"dow\":\"3\",\"start\":\"2022-01-05\",\"end\":\"2022-03-13\"}', '12:00:00', '13:00:00', 3, 6, 1),
(4, 17, 'wif180007', 'WIX1001', 'Computing Mathematics', 'T1', 'Wednesday', '{\"dow\":\"3\",\"start\":\"2022-01-05\",\"end\":\"2022-03-13\"}', '12:00:00', '13:00:00', 3, 6, 1),
(4, 18, 'wif180008', 'WIX1001', 'Computing Mathematics', 'T1', 'Wednesday', '{\"dow\":\"3\",\"start\":\"2022-01-05\",\"end\":\"2022-03-13\"}', '12:00:00', '13:00:00', 3, 6, 1),
(4, 19, 'wif180009', 'WIX1001', 'Computing Mathematics', 'T1', 'Wednesday', '{\"dow\":\"3\",\"start\":\"2022-01-05\",\"end\":\"2022-03-13\"}', '12:00:00', '13:00:00', 3, 6, 1),
(4, 20, 'wif180010', 'WIX1001', 'Computing Mathematics', 'T1', 'Wednesday', '{\"dow\":\"3\",\"start\":\"2022-01-05\",\"end\":\"2022-03-13\"}', '12:00:00', '13:00:00', 3, 6, 1),
(4, 21, 'wif180011', 'WIX1001', 'Computing Mathematics', 'T1', 'Wednesday', '{\"dow\":\"3\",\"start\":\"2022-01-05\",\"end\":\"2022-03-13\"}', '12:00:00', '13:00:00', 3, 6, 1),
(4, 22, 'wif180012', 'WIX1001', 'Computing Mathematics', 'T1', 'Wednesday', '{\"dow\":\"3\",\"start\":\"2022-01-05\",\"end\":\"2022-03-13\"}', '12:00:00', '13:00:00', 3, 6, 1),
(4, 23, 'wif180013', 'WIX1001', 'Computing Mathematics', 'T1', 'Wednesday', '{\"dow\":\"3\",\"start\":\"2022-01-05\",\"end\":\"2022-03-13\"}', '12:00:00', '13:00:00', 3, 6, 1),
(4, 24, 'wif180014', 'WIX1001', 'Computing Mathematics', 'T1', 'Wednesday', '{\"dow\":\"3\",\"start\":\"2022-01-05\",\"end\":\"2022-03-13\"}', '12:00:00', '13:00:00', 3, 6, 1),
(4, 25, 'wif180015', 'WIX1001', 'Computing Mathematics', 'T1', 'Wednesday', '{\"dow\":\"3\",\"start\":\"2022-01-05\",\"end\":\"2022-03-13\"}', '12:00:00', '13:00:00', 3, 6, 1),
(4, 26, 'wif180016', 'WIX1001', 'Computing Mathematics', 'T1', 'Wednesday', '{\"dow\":\"3\",\"start\":\"2022-01-05\",\"end\":\"2022-03-13\"}', '12:00:00', '13:00:00', 3, 6, 1),
(4, 27, 'wif180017', 'WIX1001', 'Computing Mathematics', 'T1', 'Wednesday', '{\"dow\":\"3\",\"start\":\"2022-01-05\",\"end\":\"2022-03-13\"}', '12:00:00', '13:00:00', 3, 6, 1),
(4, 28, 'wif180018', 'WIX1001', 'Computing Mathematics', 'T1', 'Wednesday', '{\"dow\":\"3\",\"start\":\"2022-01-05\",\"end\":\"2022-03-13\"}', '12:00:00', '13:00:00', 3, 6, 1),
(4, 29, 'wif180019', 'WIX1001', 'Computing Mathematics', 'T1', 'Wednesday', '{\"dow\":\"3\",\"start\":\"2022-01-05\",\"end\":\"2022-03-13\"}', '12:00:00', '13:00:00', 3, 6, 1),
(4, 30, 'wif180020', 'WIX1001', 'Computing Mathematics', 'T1', 'Wednesday', '{\"dow\":\"3\",\"start\":\"2022-01-05\",\"end\":\"2022-03-13\"}', '12:00:00', '13:00:00', 3, 6, 1),
(57, 11, 'wif180001', 'WIA1002', 'Data Structure', 'K', 'Monday', '{\"dow\":\"1\",\"start\":\"2022-01-03\",\"end\":\"2022-03-11\"}', '09:00:00', '11:00:00', 3, 5, 1),
(57, 12, 'wif180002', 'WIA1002', 'Data Structure', 'K', 'Monday', '{\"dow\":\"1\",\"start\":\"2022-01-03\",\"end\":\"2022-03-11\"}', '09:00:00', '11:00:00', 3, 5, 1),
(57, 13, 'wif180003', 'WIA1002', 'Data Structure', 'K', 'Monday', '{\"dow\":\"1\",\"start\":\"2022-01-03\",\"end\":\"2022-03-11\"}', '09:00:00', '11:00:00', 3, 5, 1),
(57, 14, 'wif180004', 'WIA1002', 'Data Structure', 'K', 'Monday', '{\"dow\":\"1\",\"start\":\"2022-01-03\",\"end\":\"2022-03-11\"}', '09:00:00', '11:00:00', 3, 5, 1),
(57, 15, 'wif180005', 'WIA1002', 'Data Structure', 'K', 'Monday', '{\"dow\":\"1\",\"start\":\"2022-01-03\",\"end\":\"2022-03-11\"}', '09:00:00', '11:00:00', 3, 5, 1),
(57, 16, 'wif180006', 'WIA1002', 'Data Structure', 'K', 'Monday', '{\"dow\":\"1\",\"start\":\"2022-01-03\",\"end\":\"2022-03-11\"}', '09:00:00', '11:00:00', 3, 5, 1),
(57, 17, 'wif180007', 'WIA1002', 'Data Structure', 'K', 'Monday', '{\"dow\":\"1\",\"start\":\"2022-01-03\",\"end\":\"2022-03-11\"}', '09:00:00', '11:00:00', 3, 5, 1),
(57, 18, 'wif180008', 'WIA1002', 'Data Structure', 'K', 'Monday', '{\"dow\":\"1\",\"start\":\"2022-01-03\",\"end\":\"2022-03-11\"}', '09:00:00', '11:00:00', 3, 5, 1),
(57, 19, 'wif180009', 'WIA1002', 'Data Structure', 'K', 'Monday', '{\"dow\":\"1\",\"start\":\"2022-01-03\",\"end\":\"2022-03-11\"}', '09:00:00', '11:00:00', 3, 5, 1),
(57, 20, 'wif180010', 'WIA1002', 'Data Structure', 'K', 'Monday', '{\"dow\":\"1\",\"start\":\"2022-01-03\",\"end\":\"2022-03-11\"}', '09:00:00', '11:00:00', 3, 5, 1),
(57, 21, 'wif180011', 'WIA1002', 'Data Structure', 'K', 'Monday', '{\"dow\":\"1\",\"start\":\"2022-01-03\",\"end\":\"2022-03-11\"}', '09:00:00', '11:00:00', 3, 5, 1),
(57, 22, 'wif180012', 'WIA1002', 'Data Structure', 'K', 'Monday', '{\"dow\":\"1\",\"start\":\"2022-01-03\",\"end\":\"2022-03-11\"}', '09:00:00', '11:00:00', 3, 5, 1),
(57, 23, 'wif180013', 'WIA1002', 'Data Structure', 'K', 'Monday', '{\"dow\":\"1\",\"start\":\"2022-01-03\",\"end\":\"2022-03-11\"}', '09:00:00', '11:00:00', 3, 5, 1),
(57, 24, 'wif180014', 'WIA1002', 'Data Structure', 'K', 'Monday', '{\"dow\":\"1\",\"start\":\"2022-01-03\",\"end\":\"2022-03-11\"}', '09:00:00', '11:00:00', 3, 5, 1),
(57, 25, 'wif180015', 'WIA1002', 'Data Structure', 'K', 'Monday', '{\"dow\":\"1\",\"start\":\"2022-01-03\",\"end\":\"2022-03-11\"}', '09:00:00', '11:00:00', 3, 5, 1),
(57, 26, 'wif180016', 'WIA1002', 'Data Structure', 'K', 'Monday', '{\"dow\":\"1\",\"start\":\"2022-01-03\",\"end\":\"2022-03-11\"}', '09:00:00', '11:00:00', 3, 5, 1),
(57, 27, 'wif180017', 'WIA1002', 'Data Structure', 'K', 'Monday', '{\"dow\":\"1\",\"start\":\"2022-01-03\",\"end\":\"2022-03-11\"}', '09:00:00', '11:00:00', 3, 5, 1),
(57, 28, 'wif180018', 'WIA1002', 'Data Structure', 'K', 'Monday', '{\"dow\":\"1\",\"start\":\"2022-01-03\",\"end\":\"2022-03-11\"}', '09:00:00', '11:00:00', 3, 5, 1),
(57, 29, 'wif180019', 'WIA1002', 'Data Structure', 'K', 'Monday', '{\"dow\":\"1\",\"start\":\"2022-01-03\",\"end\":\"2022-03-11\"}', '09:00:00', '11:00:00', 3, 5, 1),
(57, 30, 'wif180020', 'WIA1002', 'Data Structure', 'K', 'Monday', '{\"dow\":\"1\",\"start\":\"2022-01-03\",\"end\":\"2022-03-11\"}', '09:00:00', '11:00:00', 3, 5, 1),
(58, 11, 'wif180001', 'WIA1002', 'Data Structure', 'T', 'Thursday', '{\"dow\":\"4\",\"start\":\"2022-01-06\",\"end\":\"2022-03-14\"}', '09:00:00', '12:00:00', 3, 11, 1),
(58, 12, 'wif180002', 'WIA1002', 'Data Structure', 'T', 'Thursday', '{\"dow\":\"4\",\"start\":\"2022-01-06\",\"end\":\"2022-03-14\"}', '09:00:00', '12:00:00', 3, 11, 1),
(58, 13, 'wif180003', 'WIA1002', 'Data Structure', 'T', 'Thursday', '{\"dow\":\"4\",\"start\":\"2022-01-06\",\"end\":\"2022-03-14\"}', '09:00:00', '12:00:00', 3, 11, 1),
(58, 14, 'wif180004', 'WIA1002', 'Data Structure', 'T', 'Thursday', '{\"dow\":\"4\",\"start\":\"2022-01-06\",\"end\":\"2022-03-14\"}', '09:00:00', '12:00:00', 3, 11, 1),
(58, 15, 'wif180005', 'WIA1002', 'Data Structure', 'T', 'Thursday', '{\"dow\":\"4\",\"start\":\"2022-01-06\",\"end\":\"2022-03-14\"}', '09:00:00', '12:00:00', 3, 11, 1),
(58, 16, 'wif180006', 'WIA1002', 'Data Structure', 'T', 'Thursday', '{\"dow\":\"4\",\"start\":\"2022-01-06\",\"end\":\"2022-03-14\"}', '09:00:00', '12:00:00', 3, 11, 1),
(58, 17, 'wif180007', 'WIA1002', 'Data Structure', 'T', 'Thursday', '{\"dow\":\"4\",\"start\":\"2022-01-06\",\"end\":\"2022-03-14\"}', '09:00:00', '12:00:00', 3, 11, 1),
(58, 18, 'wif180008', 'WIA1002', 'Data Structure', 'T', 'Thursday', '{\"dow\":\"4\",\"start\":\"2022-01-06\",\"end\":\"2022-03-14\"}', '09:00:00', '12:00:00', 3, 11, 1),
(58, 19, 'wif180009', 'WIA1002', 'Data Structure', 'T', 'Thursday', '{\"dow\":\"4\",\"start\":\"2022-01-06\",\"end\":\"2022-03-14\"}', '09:00:00', '12:00:00', 3, 11, 1),
(58, 20, 'wif180010', 'WIA1002', 'Data Structure', 'T', 'Thursday', '{\"dow\":\"4\",\"start\":\"2022-01-06\",\"end\":\"2022-03-14\"}', '09:00:00', '12:00:00', 3, 11, 1),
(58, 21, 'wif180011', 'WIA1002', 'Data Structure', 'T', 'Thursday', '{\"dow\":\"4\",\"start\":\"2022-01-06\",\"end\":\"2022-03-14\"}', '09:00:00', '12:00:00', 3, 11, 1),
(58, 22, 'wif180012', 'WIA1002', 'Data Structure', 'T', 'Thursday', '{\"dow\":\"4\",\"start\":\"2022-01-06\",\"end\":\"2022-03-14\"}', '09:00:00', '12:00:00', 3, 11, 1),
(58, 23, 'wif180013', 'WIA1002', 'Data Structure', 'T', 'Thursday', '{\"dow\":\"4\",\"start\":\"2022-01-06\",\"end\":\"2022-03-14\"}', '09:00:00', '12:00:00', 3, 11, 1),
(58, 24, 'wif180014', 'WIA1002', 'Data Structure', 'T', 'Thursday', '{\"dow\":\"4\",\"start\":\"2022-01-06\",\"end\":\"2022-03-14\"}', '09:00:00', '12:00:00', 3, 11, 1),
(58, 25, 'wif180015', 'WIA1002', 'Data Structure', 'T', 'Thursday', '{\"dow\":\"4\",\"start\":\"2022-01-06\",\"end\":\"2022-03-14\"}', '09:00:00', '12:00:00', 3, 11, 1),
(58, 26, 'wif180016', 'WIA1002', 'Data Structure', 'T', 'Thursday', '{\"dow\":\"4\",\"start\":\"2022-01-06\",\"end\":\"2022-03-14\"}', '09:00:00', '12:00:00', 3, 11, 1),
(58, 27, 'wif180017', 'WIA1002', 'Data Structure', 'T', 'Thursday', '{\"dow\":\"4\",\"start\":\"2022-01-06\",\"end\":\"2022-03-14\"}', '09:00:00', '12:00:00', 3, 11, 1),
(58, 28, 'wif180018', 'WIA1002', 'Data Structure', 'T', 'Thursday', '{\"dow\":\"4\",\"start\":\"2022-01-06\",\"end\":\"2022-03-14\"}', '09:00:00', '12:00:00', 3, 11, 1),
(58, 29, 'wif180019', 'WIA1002', 'Data Structure', 'T', 'Thursday', '{\"dow\":\"4\",\"start\":\"2022-01-06\",\"end\":\"2022-03-14\"}', '09:00:00', '12:00:00', 3, 11, 1),
(58, 30, 'wif180020', 'WIA1002', 'Data Structure', 'T', 'Thursday', '{\"dow\":\"4\",\"start\":\"2022-01-06\",\"end\":\"2022-03-14\"}', '09:00:00', '12:00:00', 3, 11, 1);

-- --------------------------------------------------------

--
-- Table structure for table `student_profile`
--

CREATE TABLE `student_profile` (
  `acc_uname` varchar(15) NOT NULL,
  `acc_fullname` varchar(100) NOT NULL,
  `acc_email` varchar(100) NOT NULL,
  `profile_pic` varchar(100) NOT NULL,
  `course` varchar(40) NOT NULL,
  `year_study` varchar(15) NOT NULL,
  `notes` varchar(100) DEFAULT NULL,
  `mobile` varchar(15) NOT NULL,
  `priv_email` varchar(70) NOT NULL,
  `address` varchar(100) NOT NULL,
  `postcode` varchar(10) DEFAULT NULL,
  `city` varchar(30) NOT NULL,
  `state` varchar(30) NOT NULL,
  `nationality` varchar(100) NOT NULL,
  `country` varchar(100) NOT NULL,
  `parent_name` varchar(50) NOT NULL,
  `parent_mobile` varchar(15) NOT NULL,
  `parent_email` varchar(70) DEFAULT NULL,
  `parent_address` varchar(100) NOT NULL,
  `parent_postcode` varchar(10) NOT NULL,
  `parent_city` varchar(30) NOT NULL,
  `parent_state` varchar(30) NOT NULL
) ENGINE=InnoDB DEFAULT CHARSET=utf8mb4;

--
-- Dumping data for table `student_profile`
--

INSERT INTO `student_profile` (`acc_uname`, `acc_fullname`, `acc_email`, `profile_pic`, `course`, `year_study`, `notes`, `mobile`, `priv_email`, `address`, `postcode`, `city`, `state`, `nationality`, `country`, `parent_name`, `parent_mobile`, `parent_email`, `parent_address`, `parent_postcode`, `parent_city`, `parent_state`) VALUES
('wif180001', 'SHANMUGASUNDRAN A/L RAMACHANDRAN', 'wif180001@siswa.um.edu.my', 'wif180001_shan.jpg', 'Software Engineering', '4', 'I am Groot!', '0166302589', 'shanmuga.sundran@yahoo.com', 'Bandar Laguna Merbok, Sungai Petani', '08000', 'Sungai Petani', 'Kedah', 'Malaysian Citizen', 'Malaysia', 'Ramachandran', '0103757131', 'kjora33@yahoo.com', 'Bandar Laguna Merbok, Sungai Petani', '08000', 'Sungai Petani', 'Kedah'),
('wif180002', 'THARVINASH A/L VISVANATHAN', 'wif180002@siswa.um.edu.my', 'tharvinash.jpg', 'Software Engineering', '3', 'I am Tharvin', '167644245', 'tharvin@gmail.com', 'Butterworth', '12000', 'Butterworth', 'Penang', '', '', 'VISVANATHAN', '167644245', 'visvanathan@gmail.com', 'Butterworth', '12000', 'Butterworth', 'Penang'),
('wif180003', 'SHIVA A/L CHIVATHANNU @ SIDAMBARAM', 'wif180003@siswa.um.edu.my', 'shiva.jpg', 'Software Engineering', '3', 'I am Shiva', '105684572', 'shiva@gmail.com', 'Shan Xi Sheng', '215000', 'Shuzou', 'Shanxi', 'Non-Citizen', 'China', 'CHIVATHANNU', '105684572', 'chivathannu@gmail.com', 'Shan Xi Sheng', '215000', 'Shuzou', 'Shanxi'),
('wif180004', 'KISHEN A/L NAHINDRAN', 'wif180004@siswa.um.edu.my', 'kishen.jpg', 'Artificial Engineering', '3', 'I am Kishen', '189724199', 'kishen@gmail.com', 'Johor Bharu', '79100', 'Johor Bharu', 'Johor', '', '', 'NAHINDRAN', '189724199', 'nahindran@gmail.com', 'Johor Bharu', '79100', 'Johor Bharu', 'Johor'),
('wif180005', 'PRASANTH A/L MANIMARAN', 'wif180005@siswa.um.edu.my', 'prasanth.jpg', 'Software Engineering', '3', 'I am Pras', '146642285', 'pras@gmail.com', 'Petaling Jaya', '40150', 'Petaling Jaya', 'Selangor', '', '', 'MANIMARAN', '146642285', 'manimaran@gmail.com', 'Petaling Jaya', '40150', 'Petaling Jaya', 'Selangor'),
('wif180006', 'LOGAN A/L SATHIVELOO', 'wif180006@siswa.um.edu.my', 'logan.jpg', 'Software Engineering', '3', 'I am Logan', '183714461', 'logan@gmail.com', 'Petaling Jaya', '40150', 'Petaling Jaya', 'Selangor', '', '', 'SATHIVELOO', '183714461', 'sathiveloo@gmail.com', 'Petaling Jaya', '40150', 'Petaling Jaya', 'Selangor'),
('wif180007', 'THINAGAAR A/L GANESAN', 'wif180007@siswa.um.edu.my', 'thinagaar.jpg', 'Software Engineering', '3', 'I am Thina', '164474370', 'thina@gmail.com', 'Bedong', '8100', 'Bedong', 'Kedah', '', '', 'GANESAN', '164474370', 'ganesan@gmail.com', 'Bedong', '8100', 'Bedong', 'Kedah'),
('wif180008', 'KALAIARASAN A/L BALAN', 'wif180008@siswa.um.edu.my', 'kalaiarasan.jpg', 'Artificial Intelligence', '3', 'I am Kalai', '1111341338', 'kalai@gmail.com', '139-10, Samseongri, Namcheon-myeon', '712010', 'Gyeongsan-si', 'Gyeongsangbuk-do', 'Non-Citizen', 'Korea Sout', 'BALAN', '1111341338', 'balan@gmail.com', '139-10, Samseongri, Namcheon-myeon', '712010', 'Gyeongsan-si', 'Gyeongsangbuk-do'),
('wif180009', 'CHONG EE', 'wif180009@siswa.um.edu.my', 'chong.jpg', 'Multimedia', '3', 'I am Chong', '143296789', 'chong@gmail.com', 'Johor Bharu', '79100', 'Johor Bharu', 'Johor', '', '', 'KIM EE', '143296789', 'kim@gmail.com', 'Johor Bharu', '79100', 'Johor Bharu', 'Johor'),
('wif180010', 'YEO MING', 'wif180010@siswa.um.edu.my', 'yeo.jpg', 'Information System', '3', 'I am Yeo', '165478965', 'yeo@gmail.com', 'Jian Guo Men', '100029', 'Dongcheng', 'Beijing', 'Non-Citizen', 'China', 'CHIN YEO', '165478965', 'chin@gmail.com', 'Jian Guo Men', '100029', 'Dongcheng', 'Beijing'),
('wif180011', 'AZLAN RAHMAN', 'wif180011@siswa.um.edu.my', 'azlan.jpg', 'Software Engineering', '3', 'I am Azlan', '187661141', 'azlan@gmail.com', 'Petaling Jaya', '40150', 'Petaling Jaya', 'Selangor', '', '', 'FATURRAHMAN', '187661141', 'faturrahman@gmail.com', 'Petaling Jaya', '40150', 'Petaling Jaya', 'Selangor'),
('wif180012', 'MOHAMMAD ADLI ', 'wif180012@siswa.um.edu.my', 'mohammad.jpg', 'Software Engineering', '3', 'I am Mohammad', '209843317', 'mohammad@gmail.com', 'Bedong', '8100', 'Bedong', 'Kedah', '', '', 'MAZLI ISKANDAR', '209843317', 'mazli@gmail.com', 'Bedong', '8100', 'Bedong', 'Kedah'),
('wif180013', 'ESTHER CHIN', 'wif180013@siswa.um.edu.my', 'esther.jpg', 'Software Engineering', '3', 'I am Esther', '232025493', 'esther@gmail.com', 'Kulim', '9000', 'Kulim', 'Kedah', '', '', 'CHAI GOH CHIN', '232025493', 'chai@gmail.com', 'Kulim', '9000', 'Kulim', 'Kedah'),
('wif180014', 'VINOTHINI A/P PARAMASIVAM', 'wif180014@siswa.um.edu.my', 'vinothini.jpg', 'Multimedia', '3', 'I am Vinothini', '254207669', 'vinothini@gmail.com', 'Johor Bharu', '79100', 'Johor Bharu', 'Johor', '', '', 'PARAMASIVAM', '254207669', 'paramasivam@gmail.com', 'Johor Bharu', '79100', 'Johor Bharu', 'Johor'),
('wif180015', 'KARTHIGAA A/P VELAYUTHAM', 'wif180015@siswa.um.edu.my', 'karthigaa.jpg', 'Information System', '3', 'I am Karthigaa', '276389845', 'karthigaa@gmail.com', 'Petaling Jaya', '40150', 'Petaling Jaya', 'Selangor', '', '', 'VELAYUTHAM', '276389845', 'velayutham@gmail.com', 'Petaling Jaya', '40150', 'Petaling Jaya', 'Selangor'),
('wif180016', 'KARAN A/L KARUNAS', 'wif180016@siswa.um.edu.my', 'karan.jpg', 'Software Engineering', '3', 'I am Karan', '298572021', 'karan@gmail.com', 'Petaling Jaya', '40150', 'Petaling Jaya', 'Selangor', '', '', 'KARUNAS', '298572021', 'karunas@gmail.com', 'Petaling Jaya', '40150', 'Petaling Jaya', 'Selangor'),
('wif180017', 'FARID ISKANDAR', 'wif180017@siswa.um.edu.my', 'farid.jpg', 'Artificial Intelligence', '3', 'I am Farid', '320754197', 'farid@gmail.com', 'Bedong', '8100', 'Bedong', 'Kedah', '', '', 'AZMAN AMIN', '320754197', 'azman@gmail.com', 'Bedong', '8100', 'Bedong', 'Kedah'),
('wif180018', 'GRACE KIEW', 'wif180018@siswa.um.edu.my', 'grace.jpg', 'Multimedia', '3', 'I am Grace', '342936373', 'grace@gmail.com', 'Kulim', '9000', 'Kulim', 'Kedah', '', '', 'TAN PENG KIEW', '342936373', 'peng@gmail.com', 'Kulim', '9000', 'Kulim', 'Kedah'),
('wif180019', 'TAN YEE KIM', 'wif180019@siswa.um.edu.my', 'tan.jpg', 'Multimedia', '3', 'I am Tan', '365118549', 'tan@gmail.com', 'Johor Bharu', '79100', 'Johor Bharu', 'Johor', '', '', 'LIM KUOK', '365118549', 'lim@gmail.com', 'Johor Bharu', '79100', 'Johor Bharu', 'Johor'),
('wif180020', 'NURNAJIHAH FADLAN', 'wif180020@siswa.um.edu.my', 'nurnajihah.jpg', 'Information System', '3', 'I am Nurnajihah', '387300725', 'nurnajihah@gmail.com', 'Petaling Jaya', '40150', 'Petaling Jaya', 'Selangor', '', '', 'FADLAN SHAFI', '387300725', 'fadlan@gmail.com', 'Petaling Jaya', '40150', 'Petaling Jaya', 'Selangor');

-- --------------------------------------------------------

--
-- Table structure for table `visa_application`
--

CREATE TABLE `visa_application` (
  `matric_id` varchar(20) NOT NULL,
  `student_name` varchar(50) NOT NULL,
  `post_name` varchar(50) NOT NULL,
  `given_name` varchar(50) NOT NULL,
  `sur_name` varchar(50) NOT NULL,
  `birth_date` varchar(20) NOT NULL,
  `pass_number` varchar(20) NOT NULL,
  `issue_country` varchar(100) NOT NULL,
  `issue_date` varchar(20) NOT NULL,
  `expiry_date` varchar(20) NOT NULL,
  `renewal_period` varchar(50) NOT NULL,
  `passport` varchar(100) NOT NULL,
  `transcript` varchar(100) NOT NULL,
  `approval_status` int(11) NOT NULL
) ENGINE=InnoDB DEFAULT CHARSET=utf8mb4;

--
-- Dumping data for table `visa_application`
--

INSERT INTO `visa_application` (`matric_id`, `student_name`, `post_name`, `given_name`, `sur_name`, `birth_date`, `pass_number`, `issue_country`, `issue_date`, `expiry_date`, `renewal_period`, `passport`, `transcript`, `approval_status`) VALUES
('wif180010', 'YEO MING', 'Yeo Ming', 'Yeo Ming', 'Ming', '1999-01-01', '1822842', 'China', '2018-08-09', '2023-06-05', '2 years', 'wif180010485F0C3F-0811-4647-86E9-5B419D9AB8B5.pdf', 'wif180010Result Semester 6 (WIF180068).pdf', 1);

-- --------------------------------------------------------

--
-- Table structure for table `warning`
--

CREATE TABLE `warning` (
  `warning_id` int(100) NOT NULL,
  `course_id` varchar(100) NOT NULL,
  `student_uname` varchar(100) NOT NULL,
  `lecturer_uname` varchar(100) NOT NULL,
  `warning_message` text NOT NULL,
  `warning_date` varchar(100) NOT NULL
) ENGINE=InnoDB DEFAULT CHARSET=utf8mb4;

--
-- Indexes for dumped tables
--

--
-- Indexes for table `access`
--
ALTER TABLE `access`
  ADD PRIMARY KEY (`acc_id`),
  ADD UNIQUE KEY `acc_uname` (`acc_uname`),
  ADD UNIQUE KEY `acc_email` (`acc_email`);

--
-- Indexes for table `analysis_data`
--
ALTER TABLE `analysis_data`
  ADD PRIMARY KEY (`id`),
  ADD UNIQUE KEY `course_id` (`course_id`,`week`);

--
-- Indexes for table `attendance_data`
--
ALTER TABLE `attendance_data`
  ADD PRIMARY KEY (`attendance_id`);

--
-- Indexes for table `backup`
--
ALTER TABLE `backup`
  ADD PRIMARY KEY (`id`),
  ADD UNIQUE KEY `name` (`name`);

--
-- Indexes for table `class_notification`
--
ALTER TABLE `class_notification`
  ADD PRIMARY KEY (`courseid`,`lecturer_id`);

--
-- Indexes for table `course`
--
ALTER TABLE `course`
  ADD PRIMARY KEY (`courseid`);

--
-- Indexes for table `feedback`
--
ALTER TABLE `feedback`
  ADD PRIMARY KEY (`id`),
  ADD UNIQUE KEY `id` (`id`);

--
-- Indexes for table `geolocation`
--
ALTER TABLE `geolocation`
  ADD PRIMARY KEY (`location_ID`);

--
-- Indexes for table `lecturer_course`
--
ALTER TABLE `lecturer_course`
  ADD PRIMARY KEY (`subject_id`,`lecturer_id`);

--
-- Indexes for table `lecturer_profile`
--
ALTER TABLE `lecturer_profile`
  ADD PRIMARY KEY (`acc_uname`),
  ADD UNIQUE KEY `mobile` (`mobile`),
  ADD UNIQUE KEY `acc_email` (`acc_email`);

--
-- Indexes for table `response`
--
ALTER TABLE `response`
  ADD PRIMARY KEY (`student_id`,`courseid`);

--
-- Indexes for table `student_course`
--
ALTER TABLE `student_course`
  ADD PRIMARY KEY (`subject_id`,`student_id`);

--
-- Indexes for table `student_profile`
--
ALTER TABLE `student_profile`
  ADD PRIMARY KEY (`acc_uname`),
  ADD UNIQUE KEY `priv_email` (`priv_email`),
  ADD UNIQUE KEY `mobile` (`mobile`),
  ADD UNIQUE KEY `acc_email` (`acc_email`);

--
-- Indexes for table `visa_application`
--
ALTER TABLE `visa_application`
  ADD PRIMARY KEY (`matric_id`);

--
-- Indexes for table `warning`
--
ALTER TABLE `warning`
  ADD PRIMARY KEY (`warning_id`);

--
-- AUTO_INCREMENT for dumped tables
--

--
-- AUTO_INCREMENT for table `access`
--
ALTER TABLE `access`
  MODIFY `acc_id` int(11) NOT NULL AUTO_INCREMENT, AUTO_INCREMENT=104;

--
-- AUTO_INCREMENT for table `analysis_data`
--
ALTER TABLE `analysis_data`
  MODIFY `id` int(6) UNSIGNED NOT NULL AUTO_INCREMENT, AUTO_INCREMENT=1009;

--
-- AUTO_INCREMENT for table `attendance_data`
--
ALTER TABLE `attendance_data`
  MODIFY `attendance_id` int(100) NOT NULL AUTO_INCREMENT, AUTO_INCREMENT=406;

--
-- AUTO_INCREMENT for table `backup`
--
ALTER TABLE `backup`
  MODIFY `id` int(10) NOT NULL AUTO_INCREMENT, AUTO_INCREMENT=132;

--
-- AUTO_INCREMENT for table `feedback`
--
ALTER TABLE `feedback`
  MODIFY `id` int(10) NOT NULL AUTO_INCREMENT, AUTO_INCREMENT=183;

--
-- AUTO_INCREMENT for table `warning`
--
ALTER TABLE `warning`
  MODIFY `warning_id` int(100) NOT NULL AUTO_INCREMENT, AUTO_INCREMENT=9;
COMMIT;

/*!40101 SET CHARACTER_SET_CLIENT=@OLD_CHARACTER_SET_CLIENT */;
/*!40101 SET CHARACTER_SET_RESULTS=@OLD_CHARACTER_SET_RESULTS */;
/*!40101 SET COLLATION_CONNECTION=@OLD_COLLATION_CONNECTION */;
